Mouse,Channel,TimeFrame,Region,Base_CSD,CNO_CSD,Delta_CSD,Base_Voltage,CNO_Voltage,Delta_Voltage,Base_Theta,CNO_Theta,Delta_Theta
M13_pten,2,AS,CA1|CA1 SP,-3.228919468079879,-28.11249964568897,-24.88358017760909,-69.82365379004747,-56.31607204379462,13.507581746252853,-0.003206019346714903,-0.02026690530158532,-0.017060885954870417
M13_pten,2,GZ,CA1|CA1 SP,,,,-150.6406921155816,-98.17978411378904,52.46090800179256,-0.003206019346714903,-0.02026690530158532,-0.017060885954870417
M13_pten,4,AS,CA1|CA1 SP,-3.228919468079879,-28.11249964568897,-24.88358017760909,-80.60345983033434,-97.88923844239274,-17.285778612058394,-0.01502650111526771,-0.009911094578718768,0.005115406536548942
M13_pten,4,GZ,CA1|CA1 SP,3.618188294820104,2.193144721727319,-1.4250435730927848,-175.4049563317701,-124.4245638976423,50.98039243412781,-0.01502650111526771,-0.009911094578718768,0.005115406536548942
M13_pten,6,AS,CA1,-3.126721904663842,26.80977497067929,29.93649687534313,-87.81527103116021,-117.7847793315536,-29.969508300393386,-0.02277289947415046,-0.02975748219939486,-0.006984582725244399
M13_pten,6,GZ,CA1,17.60871830412533,18.76741768449924,1.1586993803739105,-205.3565161225174,-152.7683201337923,52.58819598872512,-0.02277289947415046,-0.02975748219939486,-0.006984582725244399
M13_pten,8,AS,CA1,-35.53271551618139,23.77548222311231,59.3081977392937,-89.50218300525651,-168.1122529993274,-78.6100699940709,-0.02609651395487884,-0.005788009238043126,0.020308504716835714
M13_pten,8,GZ,CA1,-35.88549138298697,32.86633273308559,68.75182411607256,-248.5099109394703,-200.9931208748332,47.51679006463709,-0.02609651395487884,-0.005788009238043126,0.020308504716835714
M13_pten,10,AS,CA1 SLM|CA1,-28.15306920740705,-9.760873021201967,18.392196186205084,-50.94002322803621,-240.8340750059936,-189.8940517779574,-0.02231209302738224,-0.02728998882503133,-0.004977895797649089
M13_pten,10,GZ,CA1 SLM|CA1,-33.37093381668734,9.151289897669724,42.52222371435707,-253.5306490384616,-280.334542463901,-26.803893425439412,-0.02231209302738224,-0.02728998882503133,-0.004977895797649089
M13_pten,12,AS,CA1 SLM|CA1,19.92624340248747,-31.35307328801558,-51.27931669050305,19.06659966111755,-301.745797473584,-320.81239713470154,-0.01784027430784138,-0.02095943631892313,-0.0031191620110817483
M13_pten,12,GZ,CA1 SLM|CA1,9.05788980110111,5.928949583587309,-3.128940217513801,-221.3715099897541,-365.9490540970203,-144.5775441072662,-0.01784027430784138,-0.02095943631892313,-0.0031191620110817483
M13_pten,14,AS,DG OML1|CA1 SLM,9.543518510691268,-67.70746994222755,-77.25098845291882,67.91377744848191,-324.7817040502042,-392.69548149868615,-0.03952965512338266,-0.03101167236071885,0.008517982762663811
M13_pten,14,GZ,DG OML1|CA1 SLM,4.252317821417483,-49.99685895594991,-54.249176777367396,-198.2230995822824,-450.1469939708529,-251.92389438857052,-0.03952965512338266,-0.03101167236071885,0.008517982762663811
M13_pten,16,AS,DG OML1|CA1 SLM,14.97400236157904,-41.02096689213238,-55.99496925371142,109.1982844231268,-271.0417420158029,-380.2400264389297,-0.03256831254404993,-0.02806528795389752,0.004503024590152411
M13_pten,16,GZ,DG OML1|CA1 SLM,24.97549506629963,-40.96940220162463,-65.94489726792426,-180.8855747064155,-481.337645832837,-300.4520711264215,-0.03256831254404993,-0.02806528795389752,0.004503024590152411
M13_pten,18,AS,DG MML1|CA1 SLM,35.60328478891035,30.89012019391615,-4.7131645949942005,138.5622532878332,-172.7223832968705,-311.28463658470366,-0.02971593914335469,-0.0208635405841336,0.00885239855922109
M13_pten,18,GZ,DG MML1|CA1 SLM,97.42604295905704,8.343386811058233,-89.0826561479988,-178.6288902407787,-463.5478989386259,-284.9190086978472,-0.02971593914335469,-0.0208635405841336,0.00885239855922109
M13_pten,20,AS,DG MML1|DG OML1,26.18910125126034,6.770219339434157,-19.418881911826183,136.9954245257141,-107.8990806337375,-244.8945051594516,-0.01316210550554895,-0.05623141326777265,-0.0430693077622237
M13_pten,20,GZ,DG MML1|DG OML1,76.15218623991932,-0.1132561582779032,-76.26544239819722,-253.8626864458542,-455.0629185666758,-201.20023212082162,-0.01316210550554895,-0.05623141326777265,-0.0430693077622237
M13_pten,22,AS,DG MML1,21.66860919286715,51.42163087389592,29.75302168102877,106.964354845346,-53.01110932901307,-159.97546417435905,-0.005916703707607713,-0.04819178839687879,-0.04227508468927108
M13_pten,22,GZ,DG MML1,18.55832234801488,110.7661024753259,92.20778012731101,-395.5432175086696,-445.6032139628707,-50.0599964542011,-0.005916703707607713,-0.04819178839687879,-0.04227508468927108
M13_pten,24,AS,DG GCL1|DG MML1,-62.19547263473218,147.0717272029317,209.26719983766387,66.30161552051753,-48.43397618122313,-114.73559170174066,-0.01527911167964756,-0.04105567681009298,-0.02577656513044542
M13_pten,24,GZ,DG GCL1|DG MML1,-148.676491256979,264.4381569635573,413.1146482205363,-541.3899944829762,-513.9238573511366,27.466137131839673,-0.01527911167964756,-0.04105567681009298,-0.02577656513044542
M13_pten,26,AS,DG GCL1,-151.3742960603973,-101.5225456236431,49.851750436754216,113.150179291015,-185.7215463913836,-298.8717256823986,-0.01859038725560029,-0.03468689875987554,-0.016096511504275247
M13_pten,26,GZ,DG GCL1,-139.5292447755118,-155.5590160967977,-16.029771321285892,-526.151986621217,-797.696915283668,-271.54492866245096,-0.01859038725560029,-0.03468689875987554,-0.016096511504275247
M13_pten,28,AS,HIL|DG GCL1,-54.30696387237482,-262.1915283275729,-207.88456445519807,326.6790337049654,-201.2420186064229,-527.9210523113883,-0.02157935381477712,-0.03179873811026387,-0.010219384295486748
M13_pten,28,GZ,HIL|DG GCL1,-29.0256244668889,-357.4132211031275,-328.38759663623864,-350.8766434081416,-897.6114893341351,-546.7348459259935,-0.02157935381477712,-0.03179873811026387,-0.010219384295486748
M13_pten,30,AS,HIL,17.07710357672018,-38.16746533792677,-55.24456891464695,613.6376423231526,61.55340438941418,-552.0842379337385,-0.00420191527205915,-0.01856280337760083,-0.014360888105541678
M13_pten,30,GZ,HIL,28.15553272332507,-19.55842506769268,-47.71395779101775,-135.9219064027034,-620.4205250131049,-484.49861861040154,-0.00420191527205915,-0.01856280337760083,-0.014360888105541678
M13_pten,32,AS,HIL,136.9537767781392,176.1439486842631,39.19017190612391,876.541386082877,368.6699010018367,-507.8714850810403,-0.01455084457260956,-0.01886574090246979,-0.004314896329860228
M13_pten,32,GZ,HIL,121.1473640082197,58.57424439117586,-62.57311961704384,4.354739098952328,-353.7531688019742,-358.10790790092653,-0.01455084457260956,-0.01886574090246979,-0.004314896329860228
M13_pten,34,AS,HIL,227.6624896829812,433.1725409885579,205.5100513055767,965.2321112639148,462.084734772297,-503.1473764916178,-0.03243925308604642,-0.0428048237825842,-0.010365570696537776
M13_pten,34,GZ,HIL,99.80399082079717,226.6062044685976,126.80221364780044,28.56514583169157,-241.6804404918629,-270.24558632355445,-0.03243925308604642,-0.0428048237825842,-0.010365570696537776
M13_pten,36,AS,HIL,539.3348347125219,275.8087029329751,-263.5261317795468,733.3732870414237,21.66597270072923,-711.7073143406946,-0.05347407583809248,-0.04597902373409237,0.007495052104000109
M13_pten,36,GZ,HIL,159.2119467761322,136.9574647690243,-22.254482007107896,-197.8545796224779,-544.7906017121671,-346.93602208968923,-0.05347407583809248,-0.04597902373409237,0.007495052104000109
M13_pten,38,AS,HIL|DG GCL2,-80.28021464778395,-143.0369759275283,-62.75676127974434,-211.6655775277789,-744.0029646017535,-532.3373870739747,-0.05197038897208449,-0.08516666814850568,-0.03319627917642119
M13_pten,38,GZ,HIL|DG GCL2,28.24973586771096,-58.7221848186656,-86.97192068637656,-831.0018878566362,-1040.94286215837,-209.94097430173372,-0.05197038897208449,-0.08516666814850568,-0.03319627917642119
M13_pten,40,AS,DG GCL2,-437.2637364284134,-677.7540073157674,-240.49027088735397,-1065.315779884745,-1378.906883144774,-313.59110326002883,-0.1184496654249104,-0.1076519477452123,0.010797717679698088
M13_pten,40,GZ,DG GCL2,-253.5507921545436,-746.9446936319044,-493.3939014773608,-1432.695540323534,-1461.939751715593,-29.244211392059015,-0.1184496654249104,-0.1076519477452123,0.010797717679698088
M13_pten,42,AS,DG GCL2,-476.1433711137309,-220.8727495877214,255.2706215260095,-1447.796648392615,-1276.887982942809,170.908665449806,-0.1301362847844542,-0.06507421767131652,0.06506206711313767
M13_pten,42,GZ,DG GCL2,-834.0947835084523,-312.1582168613443,521.9365666471081,-1660.426867414093,-1059.683459067772,600.7434083463211,-0.1301362847844542,-0.06507421767131652,0.06506206711313767
M13_pten,44,AS,DG GCL2|DG MML2,-135.7968585734618,148.2297470445815,284.0266056180433,-1285.859430327113,-880.2546716778595,405.6047586492534,-0.0727228756572505,-0.0653167223212307,0.007406153336019794
M13_pten,44,GZ,DG GCL2|DG MML2,-217.6961969796838,338.4177114224846,556.1139084021684,-1052.224311972926,-267.5220810908012,784.7022308821248,-0.0727228756572505,-0.0653167223212307,0.007406153336019794
M13_pten,46,AS,DG MML2,190.0711494849559,175.6419905204957,-14.429158964460186,-865.9167102530027,-615.2220861016582,250.69462415134456,-0.07301192654979859,-0.04536012032409691,0.027651806225701674
M13_pten,46,GZ,DG MML2,479.1088624864299,354.7539335395372,-124.35492894689276,-83.05614803357496,208.7717874332825,291.82793546685747,-0.07301192654979859,-0.04536012032409691,0.027651806225701674
M13_pten,48,AS,DG MML2,170.0412315715375,89.81463187781591,-80.2265996937216,-614.2053296685492,-525.2518367205975,88.95349294795176,-0.05878897481338195,-0.02326561264749926,0.03552336216588269
M13_pten,48,GZ,DG MML2,380.0896959328475,180.6663061028929,-199.42338982995463,456.1245739084176,348.724435042026,-107.40013886639156,-0.05878897481338195,-0.02326561264749926,0.03552336216588269
M13_pten,50,AS,DG OML2,40.98698662745304,-6.282484439937651,-47.2694710673907,-541.7463714765199,-528.4197751267659,13.326596349754027,-0.03385978870395444,-0.02282004974086793,0.011039738963086507
M13_pten,50,GZ,DG OML2,181.3166691706728,55.96832252496718,-125.34834664570563,617.8938299229585,329.5267376334351,-288.3670922895234,-0.03385978870395444,-0.02282004974086793,0.011039738963086507
M13_pten,52,AS,DG OML2,-66.41268612900843,-61.08849530613398,5.324190822874456,-500.5359132184108,-514.1679306788574,-13.632017460446548,-0.0130842227536208,-0.02324692498566677,-0.010162702232045968
M13_pten,52,GZ,DG OML2,-28.55945520897954,26.7936323070025,55.35308751598204,589.9206404427417,257.4667427042626,-332.45389773847916,-0.0130842227536208,-0.02324692498566677,-0.010162702232045968
M13_pten,54,AS,DG|DG OML2,20.10076336332502,-10.19560829162145,-30.29637165494647,-383.1350531701344,-412.9129652924995,-29.77791212236508,-0.005873622348096961,-0.01922657343231305,-0.013352951084216089
M13_pten,54,GZ,DG|DG OML2,5.172237273185497,8.425461467906016,3.253224194720519,560.4739098951762,148.7097033007292,-411.76420659444705,-0.005873622348096961,-0.01922657343231305,-0.013352951084216089
M13_pten,56,AS,DG|DG OML2,59.87284658650776,98.26499881334847,38.39215222684071,-313.9882993287184,-302.0976610560105,11.890638272707918,-0.009049934921831974,-0.02771314907905326,-0.018663214157221285
M13_pten,56,GZ,DG|DG OML2,51.94546152876861,-105.8988349382267,-157.8442964669953,528.1653001359552,40.69670874609823,-487.468591389857,-0.009049934921831974,-0.02771314907905326,-0.018663214157221285
M13_pten,58,AS,DG|DG OML2,-18.83144104736376,-69.11573646566741,-50.28429541830365,-324.844608739128,-326.6140927590193,-1.7694840198913084,-0.00446164229536972,-0.02514949539359736,-0.02068785309822764
M13_pten,58,GZ,DG|DG OML2,-32.72968604606079,-15.09493736959632,17.634748676464472,436.2331164289091,20.90746130236131,-415.3256551265478,-0.00446164229536972,-0.02514949539359736,-0.02068785309822764
M13_pten,60,AS,DG,-12.40196430657339,30.16692819370147,42.568892500274856,-303.0560709895169,-283.3849200063101,19.671150983206815,-0.00910482253729663,-0.007327729332807091,0.0017770932044895386
M13_pten,60,GZ,DG,19.50989526791254,17.73815341042293,-1.7717418574896087,386.5765911934505,19.38164056915391,-367.1949506242966,-0.00910482253729663,-0.007327729332807091,0.0017770932044895386
M13_pten,62,AS,DG,-4.364776161039244,2.210688422254173,6.575464583293417,-258.6546409940553,-269.7148413705536,-11.060200376498301,-0.009680513199721002,-0.007052775771301324,0.002627737428419678
M13_pten,62,GZ,DG,1.879822231699744,-9.290026974517064,-11.169849206216808,326.8623496364675,0.7369942761449245,-326.1253553603226,-0.009680513199721002,-0.007052775771301324,0.002627737428419678
M13_pten,64,AS,DG,-4.364776161039244,2.210688422254173,6.575464583293417,-205.0903008610458,-258.3758545510846,-53.285553690038824,,,
M13_pten,64,GZ,DG,,,,252.8795817159916,-12.02977798933119,-264.9093597053228,,,
M34_ptenblind,2,AS,CA1|CA1 SP,-0.05803022848065827,3.156512159041614,3.2145423875222723,-55.50780236968361,-84.73295111167194,-29.225148741988328,-0.002155839546707547,-0.001761482039450913,0.00039435750725663396
M34_ptenblind,2,GZ,CA1|CA1 SP,,,,-65.27960105020492,-117.2618999972556,-51.98229894705068,-0.002155839546707547,-0.001761482039450913,0.00039435750725663396
M34_ptenblind,4,AS,CA1 SP,-0.05803022848065827,3.156512159041614,3.2145423875222723,-59.84471744521525,-82.37309390861184,-22.528376463396583,-0.004641394801332675,-0.004902240260506081,-0.0002608454591734059
M34_ptenblind,4,GZ,CA1 SP,-2.106205109627016,1.085553850446427,3.191758960073443,-67.17669377561475,-114.5410470716847,-47.36435329606995,-0.004641394801332675,-0.004902240260506081,-0.0002608454591734059
M34_ptenblind,6,AS,CA1 SP|CA1,7.110673753196932,9.58641088483628,2.475737131639348,-63.782751312889,-83.22686250208388,-19.444111189194878,-0.005500169760228948,-0.002802104901727743,0.0026980648585012046
M34_ptenblind,6,GZ,CA1 SP|CA1,4.337433845766133,5.574169246831798,1.2367354010656655,-67.64696465163935,-114.2614574566379,-46.61449280499855,-0.005500169760228948,-0.002802104901727743,0.0026980648585012046
M34_ptenblind,8,AS,CA1 SP|CA1,-1.963232484315056,-5.517816735219897,-3.554584250904841,-74.37570658956821,-93.47094596315571,-19.095239373587503,-0.01425681123933823,-0.008388580865589482,0.0058682303737487475
M34_ptenblind,8,GZ,CA1 SP|CA1,-0.1580022996471735,-3.374794111823156,-3.2167918121759826,-72.52902671939037,-119.1682123188671,-46.63918559947673,-0.01425681123933823,-0.008388580865589482,0.0058682303737487475
M34_ptenblind,10,AS,CA1,3.981958569773007,10.05260396447983,6.0706453947068235,-83.95088164143543,-99.73338092652462,-15.782499285089187,-0.01214696440618574,-0.008410443598622799,0.0037365208075629402
M34_ptenblind,10,GZ,CA1,5.70727932837702,12.43007677491361,6.722797446536591,-76.6481493340164,-122.7156127643808,-46.0674634303644,-0.01214696440618574,-0.008410443598622799,0.0037365208075629402
M34_ptenblind,12,AS,CA1,-5.276497062819694,1.158106967311381,6.434604030131076,-97.69943047361254,-117.6328902139986,-19.93345974038607,-0.004801297787589929,-0.005230052004166146,-0.00042875421657621697
M34_ptenblind,12,GZ,CA1,-11.59323415448588,-1.480454124063936,10.112780030421945,-89.56533963563011,-135.7268215063306,-46.161481870700484,-0.004801297787589929,-0.005230052004166146,-0.00042875421657621697
M34_ptenblind,14,AS,CA1|CA1 SLM,-1.766195077725385,-9.209696637656425,-7.44350155993104,-106.5061577128177,-138.2249833283935,-31.71882561557581,-0.006584004109031056,-0.004489002156202656,0.0020950019528284004
M34_ptenblind,14,GZ,CA1|CA1 SLM,-1.467304845010082,-7.183303481422818,-5.715998636412736,-86.52483830686475,-148.0439876225849,-61.51914931572014,-0.006584004109031056,-0.004489002156202656,0.0020950019528284004
M34_ptenblind,16,AS,CA1 SLM,-7.431888824228732,-19.3387339225772,-11.90684509834847,-113.0836455159168,-147.6971909500964,-34.6135454341796,-0.009902239657027617,-0.009235172956630296,0.0006670667003973209
M34_ptenblind,16,GZ,CA1 SLM,-13.10237761466734,-20.60063094038017,-7.498253325712831,-84.19724761462602,-149.628042895565,-65.43079528093897,-0.009902239657027617,-0.009235172956630296,0.0006670667003973209
M34_ptenblind,18,AS,CA1 SLM,-10.82214979869324,-31.67360004038981,-20.851450241696572,-108.9090054460581,-134.1709935177553,-25.261988071697203,-0.003903058100405489,-0.00983084762231661,-0.005927789521911121
M34_ptenblind,18,GZ,CA1 SLM,-5.160916236139106,-36.65822112615206,-31.497304890012952,-68.3626268730789,-130.5194649260832,-62.15683805300431,-0.003903058100405489,-0.00983084762231661,-0.005927789521911121
M34_ptenblind,20,AS,CA1 SLM|DG OML1,-8.90118142832881,-0.1579844955985115,8.743196932730298,-94.8410983896849,-83.94408890249889,10.897009487186011,-0.01488779225463873,-0.005105904128967469,0.00978188812567126
M34_ptenblind,20,GZ,CA1 SLM|DG OML1,-1.491915795110897,-1.931889265913,-0.43997347080210303,-44.07863929623463,-71.16413339798012,-27.085494101745496,-0.01488779225463873,-0.005105904128967469,0.00978188812567126
M34_ptenblind,22,AS,DG OML1,20.0998837990529,9.572361871888713,-10.527521927164187,-72.1864819032028,-34.84202929340174,37.34445260980107,-0.01953161615854484,-0.01518246215824379,0.004349154000301048
M34_ptenblind,22,GZ,DG OML1,53.32897555443549,30.19257294966877,-23.13640260476672,-18.48114513960041,-6.680347880379111,11.8007972592213,-0.01953161615854484,-0.01518246215824379,0.004349154000301048
M34_ptenblind,24,AS,DG OML1,95.31310879056109,31.71166617547155,-63.60144261508954,-71.7748111709025,2.411738894857735,74.18655006576023,-0.02917712718249475,-0.02443938491113573,0.004737742271359018
M34_ptenblind,24,GZ,DG OML1,156.6240864415323,90.33470329601099,-66.28938314552133,-43.26091828893443,30.69417984759223,73.95509813652666,-0.02917712718249475,-0.02443938491113573,0.004737742271359018
M34_ptenblind,26,AS,DG MML1,100.421173798154,84.87895147444159,-15.542222323712409,-169.8973089827541,3.399553281990963,173.29686226474507,-0.03296500898274753,-0.02082252526111015,0.012142483721637384
M34_ptenblind,26,GZ,DG MML1,110.2865895917338,126.0833037064371,15.796714114703306,-219.4078789382685,-16.59827489205214,202.80960404621638,-0.03296500898274753,-0.02082252526111015,0.012142483721637384
M34_ptenblind,28,AS,DG MML1,63.64952145939898,120.1336449151671,56.48412345576811,-368.9698658543504,-91.35291388420643,277.616951970144,-0.03714436057947136,-0.02583645560973121,0.01130790496974015
M34_ptenblind,28,GZ,DG MML1,73.11667165448584,175.7947508640553,102.67807920956945,-511.9518842853483,-204.5225907265442,307.4292935588041,-0.03714436057947136,-0.02583645560973121,0.01130790496974015
M34_ptenblind,30,AS,DG GCL1|DG MML1,-184.5605562410086,70.91858110856428,255.4791373495729,-625.4860652432897,-314.2454535140045,311.24061172928515,-0.02815586370127707,-0.0300070653260703,-0.0018512016247932278
M34_ptenblind,30,GZ,DG GCL1|DG MML1,-274.4839575982863,94.14025935159854,368.62421694988484,-867.3243288133965,-579.4065953417742,287.91773347162234,-0.02815586370127707,-0.0300070653260703,-0.0018512016247932278
M34_ptenblind,32,AS,DG GCL1,-194.0468790586038,-126.0138258343419,68.03305322426189,-678.7794437645877,-598.7037066248794,80.07573713970828,-0.04332074254492858,-0.01761243632350728,0.025708306221421298
M34_ptenblind,32,GZ,DG GCL1,-253.966792937248,-283.4662512150779,-29.499458277829888,-950.2510946305075,-1050.82834855734,-100.57725392683244,-0.04332074254492858,-0.01761243632350728,0.025708306221421298
M34_ptenblind,34,AS,DG GCL1,-126.5486695272539,-143.6289131184063,-17.080243591152396,-536.2042312305498,-721.8731222734974,-185.66889104294762,-0.04467009422977632,-0.03144370969757255,0.013226384532203775
M34_ptenblind,34,GZ,DG GCL1,-114.8130355342742,-248.9588864937355,-134.14585095946128,-778.4899101882685,-1217.532584482948,-439.0426742946796,-0.04467009422977632,-0.03144370969757255,0.013226384532203775
M34_ptenblind,36,AS,HIL|DG GCL1,-13.6589967381314,-212.8106682763119,-199.1516715381805,-270.1816163122407,-679.6326877523895,-409.45107144014884,-0.03133249923959266,-0.03425224122778646,-0.002919741988193801
M34_ptenblind,36,GZ,HIL|DG GCL1,54.69931325604841,-157.1184149535571,-211.81772820960552,-493.9762803374744,-1135.619473959858,-641.6431936223835,-0.03133249923959266,-0.03425224122778646,-0.002919741988193801
M34_ptenblind,38,AS,HIL,157.4812398847106,24.56426428842598,-132.9169755962846,1.597234322322349,-398.8336134607011,-400.4308477830234,-0.01912144873883699,-0.02158462043090029,-0.002463171692063299
M34_ptenblind,38,GZ,HIL,111.4413353704637,89.6107194610455,-21.8306159094182,-263.4019695344519,-860.9726345231992,-597.5706649887472,-0.01912144873883699,-0.02158462043090029,-0.002463171692063299
M34_ptenblind,40,AS,HIL,100.6839683903453,134.4115564236903,33.727588033345015,108.4968281979383,-149.174570966629,-257.67139916456733,-0.01830603182158449,-0.01110469286171918,0.007201338959865309
M34_ptenblind,40,GZ,HIL,114.4822643649194,159.1401693458381,44.6579049809187,-156.0321245037141,-647.3569490312134,-491.3248245274993,-0.01830603182158449,-0.01110469286171918,0.007201338959865309
M34_ptenblind,42,AS,HIL,36.98320705872362,44.18912977470201,7.205922715978389,110.9788823424533,-73.61518213151109,-184.5940644739644,-0.018093291000283,-0.01167350008857517,0.006419790911707831
M34_ptenblind,42,GZ,HIL,37.6670591292843,38.79431096090155,1.1272518316172508,-163.4966740842726,-606.4680398766834,-442.9713657924108,-0.018093291000283,-0.01167350008857517,0.006419790911707831
M34_ptenblind,44,AS,HIL,130.6645620204603,16.21329684217437,-114.45126517828592,73.14664595354643,-63.62600275660385,-136.7726487101503,-0.01772582333572078,-0.008479122836199055,0.009246700499521724
M34_ptenblind,44,GZ,HIL,67.64713410408267,14.44761214717735,-53.199521956905315,-215.4788658267161,-629.3015491208655,-413.82268329414944,-0.01772582333572078,-0.008479122836199055,0.009246700499521724
M34_ptenblind,46,AS,HIL,82.11101717351339,124.2991772541216,42.18816008060821,-101.9035117754798,-84.24533918614775,17.658172589332054,-0.01387037717750601,-0.009260398132112034,0.004609979045393975
M34_ptenblind,46,GZ,HIL,65.2958039314516,8.22793283770151,-57.06787109375009,-353.3677898469518,-714.226894691342,-360.8591048443902,-0.01387037717750601,-0.009260398132112034,0.004609979045393975
M34_ptenblind,48,AS,HIL,38.7152552299792,66.32826682813074,27.613011598151537,-364.9787744545837,-266.5478356434313,98.43093881115237,-0.0174156554604305,-0.009923379601894922,0.007492275858535579
M34_ptenblind,48,GZ,HIL,71.96487918976818,-11.01543936311929,-82.98031855288747,-550.8452868852459,-869.106891283665,-318.2616043984192,-0.0174156554604305,-0.009923379601894922,0.007492275858535579
M34_ptenblind,50,AS,DG GCL2|HIL,-64.40871450907126,-16.95545267614517,47.45326183292609,-675.4662604747472,-534.0138035691131,141.4524569056341,-0.03925808777275531,-0.01506011039003,0.02419797738272531
M34_ptenblind,50,GZ,DG GCL2|HIL,-7.742604901713718,-20.47912316388232,-12.736518262168602,-826.4035084208504,-1082.584068423412,-256.1805600025616,-0.03925808777275531,-0.01506011039003,0.02419797738272531
M34_ptenblind,52,AS,DG GCL2,-201.6518829423753,-130.8028667479221,70.84901619445318,-931.1739339868063,-789.8131202648007,141.36081372200567,-0.04049913107955393,-0.03192238931348878,0.008576741766065148
M34_ptenblind,52,GZ,DG GCL2,-221.009285219254,-74.78339551231265,146.22588970694136,-1094.484172883581,-1290.51769533537,-196.03352245178894,-0.04049913107955393,-0.03192238931348878,0.008576741766065148
M34_ptenblind,54,AS,DG GCL2,-340.2754059228142,-109.6313721862727,230.64403373654147,-975.1407734091351,-912.6131230723454,62.52765033678975,-0.06232871027733537,-0.03083033807764243,0.03149837219969294
M34_ptenblind,54,GZ,DG GCL2,-490.4347081338207,-155.3400980162731,335.09461011754763,-1124.919203461193,-1386.631342510429,-261.71213904923593,-0.06232871027733537,-0.03083033807764243,0.03149837219969294
M34_ptenblind,56,AS,DG GCL2,-72.9142601227821,-182.8212772880891,-109.90701716530701,-661.8013500672653,-907.528391658871,-245.7270415916057,-0.04925656249551634,-0.03514456267894977,0.014111999816566571
M34_ptenblind,56,GZ,DG GCL2,-93.86468702746977,-363.5757375972061,-269.71105056973636,-659.943377385374,-1294.536152824026,-634.592775438652,-0.04925656249551634,-0.03514456267894977,0.014111999816566571
M34_ptenblind,58,AS,DG GCL2,46.76139812030447,-149.8619918628117,-196.62338998311617,-258.3435185222705,-682.5275884694996,-424.18406994722915,-0.03374705338065587,-0.03689782279683093,-0.0031507694161750643
M34_ptenblind,58,GZ,DG GCL2,44.69643869707664,-234.7483832715293,-279.44482196860594,-93.88232621990264,-779.9739792977896,-686.0916530778869,-0.03374705338065587,-0.03689782279683093,-0.0031507694161750643
M34_ptenblind,60,AS,DG MML2,235.3858655066135,131.1291383486138,-104.2567271579997,104.7836873541235,-270.124741821651,-374.90842917577453,-0.0485090533650132,-0.02121497456431325,0.027294078800699947
M34_ptenblind,60,GZ,DG MML2,326.4297977570565,282.1267123595911,-44.303085397465395,426.8433617763832,50.26159353501895,-376.5817682413642,-0.0485090533650132,-0.02121497456431325,0.027294078800699947
M34_ptenblind,62,AS,DG MML2,111.4906642747962,182.9027281131543,71.4120638383581,225.7603055708636,14.15111132465171,-211.6091942462119,-0.05290286564113428,-0.05422550902382083,-0.0013226433826865544
M34_ptenblind,62,GZ,DG MML2,203.7737446446573,339.6302675871256,135.8565229424683,618.3819379962858,605.2890036089359,-13.092934387349942,-0.05290286564113428,-0.05422550902382083,-0.0013226433826865544
M34_ptenblind,64,AS,DG MML2,111.4906642747962,182.9027281131543,71.4120638383581,226.5761126126491,111.0438610861552,-115.5322515264939,,,
M34_ptenblind,64,GZ,DG MML2,,,,607.0609170882428,785.686483986205,178.62556689796213,,,
M3_pten,2,AS,CA1|CA1 SP,-4.125152069921946,1.184917167019658,5.3100692369416045,-290.0443809161048,-202.078601631386,87.96577928471879,-0.005133323572545086,-0.003881841587836825,0.0012514819847082616
M3_pten,2,GZ,CA1|CA1 SP,,,,-392.7841527629006,-291.3029571699966,101.48119559290399,-0.005133323572545086,-0.003881841587836825,0.0012514819847082616
M3_pten,4,AS,CA1 SP,-4.125152069921946,1.184917167019658,5.3100692369416045,-294.3671135486904,-204.0670139001448,90.3000996485456,-0.005734652142995264,-0.004215214138159461,0.0015194380048358025
M3_pten,4,GZ,CA1 SP,-10.91518010561768,-4.308721070648517,6.606459034969163,-405.4035579038983,-292.2940280268102,113.10952987708805,-0.005734652142995264,-0.004215214138159461,0.0015194380048358025
M3_pten,6,AS,CA1 SP|CA1,-0.3596547314578141,-1.373460124114186,-1.013805392656372,-293.1304781988222,-205.896928927051,87.23354927177118,-0.008084541303852598,-0.003890050119122602,0.004194491184729997
M3_pten,6,GZ,CA1 SP|CA1,17.16331862284641,13.01689558131721,-4.146423041529202,-408.9401404299784,-293.9245505411117,115.01558988886666,-0.008084541303852598,-0.003890050119122602,0.004194491184729997
M3_pten,8,AS,CA1 SP|CA1,0.9631024103224558,2.445920145826674,1.4828177355042182,-291.0452446637179,-206.3864131521222,84.65883151159568,-0.005584424983374748,-0.003365920126560597,0.002218504856814151
M3_pten,8,GZ,CA1 SP|CA1,1.477193972232411,-6.954562279485889,-8.4317562517183,-423.2383307330476,-302.1260245901639,121.11230614288365,-0.005584424983374748,-0.003365920126560597,0.002218504856814151
M3_pten,10,AS,CA1,-6.735458675580526,-6.279830737492008,0.45562793808851776,-289.6035740124602,-209.1773364224045,80.42623759005568,-0.01050763328990639,-0.004241612892383393,0.006266020397522996
M3_pten,10,GZ,CA1,-6.256193009988976,19.04296875,25.299161759988976,-437.5250598890415,-306.3489569992315,131.17610288980995,-0.01050763328990639,-0.004241612892383393,0.006266020397522996
M3_pten,12,AS,CA1,-15.4131508183962,8.30673907215739,23.71988989055359,-278.035535492208,-204.5270991028592,73.50843638934879,-0.01479329438910906,-0.003508718804501393,0.011284575584607666
M3_pten,12,GZ,CA1,-35.69402163329357,-24.71776162424397,10.976260009049604,-437.7227646760897,-326.4411967960213,111.2815678800684,-0.01479329438910906,-0.003508718804501393,0.011284575584607666
M3_pten,14,AS,CA1,24.07234509416422,-5.632535474278029,-29.70488056844225,-243.2132060462148,-211.370148929158,31.843057117056787,-0.0126034588324022,-0.003299283296690954,0.009304175535711248
M3_pten,14,GZ,CA1,24.03353246425953,9.154781218497986,-14.878751245761544,-394.1571708940714,-322.9739496616718,71.1832212323996,-0.0126034588324022,-0.003299283296690954,0.009304175535711248
M3_pten,16,AS,CA1 SLM,-26.39577511270998,5.355431702232525,31.751206814942506,-229.3306550004715,-209.4044876626254,19.926167337846096,-0.007217956776634077,-0.002794502689679178,0.004423454086954898
M3_pten,16,GZ,CA1 SLM,-37.99169993470489,-12.75733209425404,25.23436784045085,-367.8007623300113,-332.2146889941939,35.58607333581739,-0.007217956776634077,-0.002794502689679178,0.004423454086954898
M3_pten,18,AS,CA1 SLM,-13.63009692513369,-2.906389553528617,10.723707371605073,-187.8084681340767,-216.8477587350343,-29.0392906009576,-0.01504952724192215,-0.003020485715632045,0.012029041526290106
M3_pten,18,GZ,CA1 SLM,-31.1467235039406,9.78154008106519,40.92826358500579,-308.5939774037119,-330.9810617582394,-22.387084354527474,-0.01504952724192215,-0.003020485715632045,0.012029041526290106
M3_pten,20,AS,CA1 SLM,-21.58722370842174,-3.243539847579657,18.34368386084208,-129.1183650111397,-220.3035051232388,-91.1851401120991,-0.01206759201393777,-0.003464131569339858,0.00860346044459791
M3_pten,20,GZ,CA1 SLM,-27.07947314309933,0.5194551201276911,27.598928263227023,-221.4368658165286,-332.7711761974896,-111.33431038096097,-0.01206759201393777,-0.003464131569339858,0.00860346044459791
M3_pten,22,AS,DG OML1,-3.505526739784342,3.041325119551892,6.546851859336234,-48.47162995685589,-219.5175825148038,-171.04595255794788,-0.007976028113244129,-0.003270077347643904,0.004705950765600225
M3_pten,22,GZ,DG OML1,-2.886998688370606,6.705007245463711,9.592005933834317,-112.2327369655831,-334.8196060931098,-222.5868691275267,-0.007976028113244129,-0.003270077347643904,0.004705950765600225
M3_pten,24,AS,DG OML1,18.91322824406752,-2.576367832713933,-21.489596076781453,38.34450231413269,-221.1985607859505,-259.5430631000832,-0.006656595285978789,-0.004751155855971637,0.0019054394300071515
M3_pten,24,GZ,DG OML1,22.01561354472141,0.3648983534946263,-21.650715191226784,2.864331673225531,-343.2744760982326,-346.1388077714581,-0.006656595285978789,-0.004751155855971637,0.0019054394300071515
M3_pten,26,AS,DG MML1,-8.358460253156967,1.083842323869092,9.442302577026059,96.81116289033014,-220.319439266727,-317.1306021570571,-0.009342992635055673,-0.004482931638137402,0.00486006099691827
M3_pten,26,GZ,DG MML1,-4.807189762417512,-1.385596490675407,3.4215932717421054,81.68605116547131,-351.0603774440744,-432.7464286095457,-0.009342992635055673,-0.004482931638137402,0.00486006099691827
M3_pten,28,AS,DG MML1,21.00316792470138,-0.1690174307664688,-21.17218535546785,159.867616564946,-221.5871217339861,-381.45473829893206,-0.005865958011040284,-0.004101793513548414,0.00176416449749187
M3_pten,28,GZ,DG MML1,24.25261466733872,6.641182848202282,-17.611431819136435,162.0068614067157,-357.8913954437757,-519.8982568504914,-0.005865958011040284,-0.004101793513548414,0.00176416449749187
M3_pten,30,AS,DG MML1,36.43181523010639,-2.624472693714031,-39.05628792382042,197.1462254072757,-221.9114395922481,-419.0576649995238,-0.007399569693439443,-0.003162457549472713,0.00423711214396673
M3_pten,30,GZ,DG MML1,45.96376838572217,-1.918997815860217,-47.882766201582385,212.4095751880355,-370.4650545380807,-582.8746297261162,-0.007399569693439443,-0.003162457549472713,0.00423711214396673
M3_pten,32,AS,DG GCL1,-30.02846670605307,1.749817570965206,31.778284277018276,192.1370717454793,-219.6444647275889,-411.7815364730682,-0.006793958045170747,-0.006465536009655621,0.00032842203551512565
M3_pten,32,GZ,DG GCL1,-47.48204027103191,-4.130373718918007,43.351666552113905,210.5699246402291,-381.8592008997182,-592.4291255399473,-0.006793958045170747,-0.006465536009655621,0.00032842203551512565
M3_pten,34,AS,DG GCL1,-11.07428346060509,-0.5157678836650066,10.558515576940083,213.3825209310757,-218.9569328170926,-432.3394537481683,-0.007250414032036147,-0.005090501330836075,0.002159912701200072
M3_pten,34,GZ,DG GCL1,27.4078279646261,-2.289310578377016,-29.697138543003117,242.8573403735097,-381.7232892812928,-624.5806296548025,-0.007250414032036147,-0.005090501330836075,0.002159912701200072
M3_pten,36,AS,HIL,54.00934421137529,0.1115725778252885,-53.89777163355001,244.7604507106692,-217.53695792677,-462.29740863743916,-0.01120506565820512,-0.004527245638907708,0.006677820019297413
M3_pten,36,GZ,HIL,17.60470482610887,3.936439432123665,-13.668265393985203,249.1975377817623,-383.6526505934086,-632.8501883751709,-0.01120506565820512,-0.004527245638907708,0.006677820019297413
M3_pten,38,AS,HIL,43.52028728556952,-2.688343669244203,-46.20863095481373,212.390739933044,-215.2396132177667,-427.6303531508107,-0.02517783015867705,-0.003838010267334561,0.02133981989134249
M3_pten,38,GZ,HIL,6.222901106579939,-4.472137779317873,-10.695038885897812,231.0122448712278,-388.2416271772541,-619.2538720484819,-0.02517783015867705,-0.003838010267334561,0.02133981989134249
M3_pten,40,AS,HIL,80.86750214112635,0.6953741075234298,-80.17212803360292,135.5737134313996,-208.9919938421184,-344.565707273518,-0.02696835931464389,-0.006029332160504735,0.02093902715413916
M3_pten,40,GZ,HIL,50.90278334631599,5.424089329217072,-45.47869401709892,211.8779962713068,-385.748190957992,-597.6261872292988,-0.02696835931464389,-0.006029332160504735,0.02093902715413916
M3_pten,42,AS,HIL,-0.3930956395496553,-0.3755769461317083,0.01751869341794704,-30.64706198722181,-201.1666198983727,-170.51955791115088,-0.02923663855943174,-0.006835440878274695,0.022401197681157045
M3_pten,42,GZ,HIL,13.51194857152677,2.665694041918675,-10.846254529608094,142.377191080244,-378.6461001536884,-521.0232912339324,-0.02923663855943174,-0.006835440878274695,0.022401197681157045
M3_pten,44,AS,DG GCL2|HIL,-120.5537712205374,-9.092508171322198,111.4612630492152,-191.4381489849054,-192.24723509898,-0.8090861140746028,-0.05193953362863468,-0.01068610892860204,0.04125342470003264
M3_pten,44,GZ,DG GCL2|HIL,-75.94581223652858,-7.643176663306432,68.30263557322215,61.03197259803469,-368.4101208963029,-429.4420934943376,-0.05193953362863468,-0.01068610892860204,0.04125342470003264
M3_pten,46,AS,DG GCL2|HIL,-75.5893092631073,-5.846015429354496,69.7432938337528,-214.1111784725987,-166.6098524755793,47.50132599701942,-0.05518352396445485,-0.01686258008725937,0.03832094387719548
M3_pten,46,GZ,DG GCL2|HIL,-78.5643278328904,-21.4586155388945,57.1057122939959,53.29706274450449,-331.6018359908642,-384.8988987353687,-0.05518352396445485,-0.01686258008725937,0.03832094387719548
M3_pten,48,AS,DG MML2|HIL,-15.92977133996817,9.070420000965742,25.00019134093391,-156.1362641750754,-124.2382002074688,31.898063967606618,-0.03222681752808269,-0.01550109181619938,0.016725725711883306
M3_pten,48,GZ,DG MML2|HIL,9.541352123808663,-31.61982054351476,-41.16117266732342,126.7713384727785,-255.1091928951075,-381.88053136788596,-0.03222681752808269,-0.01550109181619938,0.016725725711883306
M3_pten,50,AS,DG MML2|DG GCL2,37.2319703766203,-30.47769453824322,-67.70966491486352,-82.3877910900368,-85.51434824245759,-3.126557152420787,-0.03563341919501363,-0.011337199510962,0.02429621968405163
M3_pten,50,GZ,DG MML2|DG GCL2,64.8056432998076,-32.49301705309132,-97.29866035289892,202.1582613403503,-146.1074912482925,-348.2657525886428,-0.03563341919501363,-0.011337199510962,0.02429621968405163
M3_pten,52,AS,DG MML2|DG GCL2,21.76726393798317,0.4167353507299725,-21.350528587253198,-49.48644591295145,-22.76474146757217,26.721704445379284,-0.02339214674717007,-0.01518282428559497,0.0082093224615751
M3_pten,52,GZ,DG MML2|DG GCL2,23.41494742027126,-59.13092500420032,-82.54587242447158,215.5291902681399,-28.95150940274918,-244.48069967088907,-0.02339214674717007,-0.01518282428559497,0.0082093224615751
M3_pten,54,AS,DG OML2|DG GCL2,8.499844410729331,-2.846616206774835,-11.346460617504166,-43.34964989626557,39.15291307378116,82.50256297004672,-0.008338706471190315,-0.008708519579110693,-0.0003698131079203776
M3_pten,54,GZ,DG OML2|DG GCL2,22.12059043369683,-0.7206086189516078,-22.841199052648438,197.3754155120623,123.413336081583,-73.96207943047929,-0.008338706471190315,-0.008708519579110693,-0.0003698131079203776
M3_pten,56,AS,DG OML2|DG MML2,4.05950486396696,27.46509184516193,23.40558698119497,-48.46921249499013,104.5353679736126,153.00458046860274,-0.004652203293805663,-0.006493040009401953,-0.00184083671559629
M3_pten,56,GZ,DG OML2|DG MML2,-6.499438691348973,19.46512858072917,25.964567272078146,155.3547570673435,273.1126462175547,117.75788915021118,-0.004652203293805663,-0.006493040009401953,-0.00184083671559629
M3_pten,58,AS,DG|DG MML2,-11.12758456427284,34.04944794663787,45.177032510910706,-58.06346247215085,130.151730190504,188.21519266265486,-0.004656700142740789,-0.01169549442065774,-0.007038794277916951
M3_pten,58,GZ,DG|DG MML2,-22.1954972163673,26.50845435357861,48.703951569945914,117.1914568245855,373.6077814154287,256.4163245908432,-0.004656700142740789,-0.01169549442065774,-0.007038794277916951
M3_pten,60,AS,DG|DG MML2,6.74318563270169,-16.55429017310049,-23.29747580580218,-53.59613108482061,112.9430451663533,166.5391762511739,-0.006347469125841642,-0.02612821855160668,-0.019780749425765035
M3_pten,60,GZ,DG|DG MML2,13.79170795339993,92.70485498571901,78.91314703231907,107.09609644246,466.9230309991889,359.8269345567289,-0.006347469125841642,-0.02612821855160668,-0.019780749425765035
M3_pten,62,AS,DG|DG OML2,43.23000487713613,-11.90392379565621,-55.133928672792344,-58.5133521253772,108.8615406928057,167.3748928181829,-0.007452416501292884,-0.02249674007719793,-0.015044323575905046
M3_pten,62,GZ,DG|DG OML2,38.60760014777316,-53.13093944262427,-91.73853959039744,77.02354738147356,477.2503128468664,400.2267654653928,-0.007452416501292884,-0.02249674007719793,-0.015044323575905046
M3_pten,64,AS,DG|DG OML2,43.23000487713613,-11.90392379565621,-55.133928672792344,-106.0748767600964,117.7204390614195,223.79531582151589,,,
M3_pten,64,GZ,DG|DG OML2,,,,8.16879613566506,511.3198535689891,503.15105743332407,,,
M5_Pten,2,AS,CA1|CA1 SP,13.30425916120525,-2.514371917245157,-15.818631078450407,-83.14989018737033,-83.60468712373114,-0.45479693636080754,-0.002617757384304802,-0.003178540980764888,-0.0005607835964600858
M5_Pten,2,GZ,CA1|CA1 SP,,,,-183.4661765176742,-147.1695196433146,36.2966568743596,-0.002617757384304802,-0.003178540980764888,-0.0005607835964600858
M5_Pten,4,AS,CA1 SP,13.30425916120525,-2.514371917245157,-15.818631078450407,-86.07539893185944,-107.1220176348547,-21.04661870299526,-0.01090061357410265,-0.008927022084722026,0.001973591489380625
M5_Pten,4,GZ,CA1 SP,15.13081212197581,-4.537345077584962,-19.66815719956077,-195.3235063396516,-184.6060116341298,10.717494705521801,-0.01090061357410265,-0.008927022084722026,0.001973591489380625
M5_Pten,6,AS,CA1 SP|CA1,2.050531489769816,0.6826315041131971,-1.367899985656619,-104.4048135211359,-127.8562427061722,-23.45142918503629,-0.008915039632636072,-0.01026673727257999,-0.001351697639943918
M5_Pten,6,GZ,CA1 SP|CA1,-0.9745936239919288,-13.44306348106281,-12.46846985707088,-226.1587674500512,-219.1583780829186,7.000389367132584,-0.008915039632636072,-0.01026673727257999,-0.001351697639943918
M5_Pten,8,AS,CA1,0.07812812200288022,-6.749446870290231,-6.827574992293111,-126.2656564039808,-156.6699558839193,-30.4042994799385,-0.004236906606359732,-0.003139856721566098,0.0010970498847936339
M5_Pten,8,GZ,CA1,-0.03937752016129951,25.97861575640843,26.01799327656973,-256.8754602651127,-239.0312176956784,17.84424256943427,-0.004236906606359732,-0.003139856721566098,0.0010970498847936339
M5_Pten,10,AS,CA1,-10.90617070112692,-2.116115850212363,8.790054850914556,-147.4573918892635,-161.515412842231,-14.058020952967496,-0.004651332106387923,-0.004399759582741377,0.00025157252364654565
M5_Pten,10,GZ,CA1,-11.16352696572582,-11.63964337467596,-0.4761164089501406,-288.1319640112705,-283.906315752159,4.2256482591114946,-0.004651332106387923,-0.004399759582741377,0.00025157252364654565
M5_Pten,12,AS,CA1|CA1 SLM,0.8523848355578565,-2.041756431682729,-2.8941412672405855,-154.8569548674144,-170.445142021247,-15.588187153832592,-0.004302442810874951,-0.006312909620670268,-0.0020104668097953174
M5_Pten,12,GZ,CA1|CA1 SLM,3.603043094758046,6.055559430803569,2.4525163360455235,-305.6750688396517,-313.0428126600922,-7.367743820440467,-0.004302442810874951,-0.006312909620670268,-0.0020104668097953174
M5_Pten,14,AS,CA1|CA1 SLM,-18.03058126698371,1.358355576860499,19.38893684384421,-162.4843233353864,-173.6421613348401,-11.157837999453704,-0.007189846115476301,-0.006429218292701317,0.0007606278227749843
M5_Pten,14,GZ,CA1|CA1 SLM,-18.41095955141131,2.348306541618663,20.75926609302997,-323.7659892097848,-344.4950362837565,-20.729047073971742,-0.007189846115476301,-0.006429218292701317,0.0007606278227749843
M5_Pten,16,AS,CA1|DG OML1,-8.336450132872429,4.771345847272329,13.107795980144758,-148.0709091756354,-177.3963118701837,-29.325402694548302,-0.01358954057220866,-0.01083799705436127,0.0027515435178473904
M5_Pten,16,GZ,CA1|DG OML1,11.2481886340726,14.27568708147322,3.027498447400621,-324.9171522797131,-380.1808770423193,-55.263724762606216,-0.01358954057220866,-0.01083799705436127,0.0027515435178473904
M5_Pten,18,AS,CA1 SLM|DG OML1,7.081561076366691,-0.4101141029611578,-7.491675179327849,-124.0528154175311,-184.0809639488089,-60.02814853127779,-0.003065878405343591,-0.009556377203743112,-0.006490498798399521
M5_Pten,18,GZ,CA1 SLM|DG OML1,-0.7471884450604834,-4.393265543994817,-3.646077098934333,-330.8650782850922,-429.2749052025397,-98.4098269174475,-0.003065878405343591,-0.009556377203743112,-0.006490498798399521
M5_Pten,20,AS,CA1 SLM|DG MML1,6.785751303748389,28.24574123127512,21.459989927526728,-105.3642811122277,-189.0737627410437,-83.70948162881601,-0.01979760196027814,-0.01471506070459883,0.0050825412556793105
M5_Pten,20,GZ,CA1 SLM|DG MML1,10.81208259828629,28.49926926573301,17.687186667446717,-332.673119716957,-469.6445152407787,-136.97139552382168,-0.01979760196027814,-0.01471506070459883,0.0050825412556793105
M5_Pten,22,AS,CA1 SLM|DG MML1,11.42934033328007,30.12111720962161,18.69177687634154,-94.75745996498962,-221.7919259786464,-127.03446601365677,-0.02180608433112358,-0.0128239090456281,0.00898217528549548
M5_Pten,22,GZ,CA1 SLM|DG MML1,37.35745337701614,25.14662500900057,-12.210828368015573,-347.4951572105533,-539.8629968004428,-192.3678395898895,-0.02180608433112358,-0.0128239090456281,0.00898217528549548
M5_Pten,24,AS,DG OML1|DG GCL1,50.44703959199168,-68.98506897663957,-119.43210856863125,-89.0259802094139,-282.686243696049,-193.66026348663513,-0.01801406437193148,-0.01418813409687764,0.003825930275053839
M5_Pten,24,GZ,DG OML1|DG GCL1,45.23492628528226,-76.60453550277221,-121.83946178805448,-382.1186003137807,-634.5632584368601,-252.44465812307942,-0.01801406437193148,-0.01418813409687764,0.003825930275053839
M5_Pten,26,AS,DG OML1|DG GCL1,129.8040599774218,-103.4962853071766,-233.3003452845984,-137.1516943967194,-265.5905207445724,-128.43882634785302,-0.02580522780683018,-0.0149167156890158,0.01088851211781438
M5_Pten,26,GZ,DG OML1|DG GCL1,137.2158911920363,-69.19910061743948,-206.4149918094758,-471.3049716636783,-650.043925300973,-178.73895363729468,-0.02580522780683018,-0.0149167156890158,0.01088851211781438
M5_Pten,28,AS,DG MML1|DG GCL1,-54.93351382672633,-131.3761501012598,-76.44263627453347,-313.7699617884466,-132.670793154569,181.0991686338776,-0.02909329975782466,-0.01359250133200404,0.01550079842582062
M5_Pten,28,GZ,DG MML1|DG GCL1,-183.7010537424393,-29.36163695726524,154.33941678517408,-696.7248134925719,-587.4233558529711,109.30145763960081,-0.02909329975782466,-0.01359250133200404,0.01550079842582062
M5_Pten,30,AS,DG MML1|DG GCL1,-291.1202901464594,20.95214598449774,312.07243613095716,-426.1349246709673,150.754656110491,576.8895807814583,-0.02648901658117549,-0.01473383138949666,0.01175518519167883
M5_Pten,30,GZ,DG MML1|DG GCL1,-237.7486690398183,22.16884068080356,259.91750972062187,-751.5083688204409,-472.1954488642602,279.3129199561807,-0.02648901658117549,-0.01473383138949666,0.01175518519167883
M5_Pten,32,AS,DG MML1|HIL,-381.9897741917757,134.075483963966,516.0652581557417,-236.0747404612941,411.2192005820012,647.2939410432953,-0.040578311353364,-0.006608548861281057,0.03396976249208294
M5_Pten,32,GZ,DG MML1|HIL,-90.63425371723802,64.48603335613485,155.12028707337288,-555.1297547387295,-373.0675297542813,182.06222498444822,-0.040578311353364,-0.006608548861281057,0.03396976249208294
M5_Pten,34,AS,DG GCL1|HIL,276.5923619575208,22.73118587406091,-253.86117608345987,410.4060889279694,504.0166885385021,93.61059961053269,-0.02758843897995034,-0.02320804697749891,0.004380392002451428
M5_Pten,34,GZ,DG GCL1|HIL,131.4470844884072,24.58739390570995,-106.85969058269725,-190.5757716444672,-331.0455751084054,-140.46980346393818,-0.02758843897995034,-0.02320804697749891,0.004380392002451428
M5_Pten,36,AS,DG GCL1|HIL,227.1622367527176,-3.221973869371126,-230.38421062208872,741.692380786437,570.3129703361184,-171.37941045031857,-0.02117503760220663,-0.007797914595386471,0.013377123006820158
M5_Pten,36,GZ,DG GCL1|HIL,151.2992612777217,45.71371474024338,-105.58554653747834,10.8827684746413,-335.9618711806571,-346.8446396552984,-0.02117503760220663,-0.007797914595386471,0.013377123006820158
M5_Pten,38,AS,HIL,-19.20523484954444,0.3616450082920442,19.566879857836483,785.9671818270228,640.1276014652491,-145.83958036177376,-0.01933673037607671,-0.007042410002167415,0.012294320373909297
M5_Pten,38,GZ,HIL,38.11054845010084,29.7388173468102,-8.371731103290642,14.51986344134222,-375.4667688588625,-389.98663230020475,-0.01933673037607671,-0.007042410002167415,0.012294320373909297
M5_Pten,40,AS,HIL,1.342773437499997,37.42163661278031,36.07886317528031,853.9241300084285,709.2233238378501,-144.7008061705784,-0.004432069488965654,-0.007003701936354884,-0.0025716324473892297
M5_Pten,40,GZ,HIL,44.7210496471774,-18.94086846558179,-63.661918112759196,-5.59272140753117,-445.0834037548483,-439.49068234731715,-0.004432069488965654,-0.007003701936354884,-0.0025716324473892297
M5_Pten,42,AS,HIL,-35.01466716951723,45.03283990226526,80.04750707178249,919.0661165229511,733.3407127864275,-185.72540373652362,-0.008346090144436021,-0.008984921069145103,-0.0006388309247090818
M5_Pten,42,GZ,HIL,23.71904926915322,-38.34941530007925,-62.068464569232475,-62.9187411949284,-518.7250356205171,-455.8062944255887,-0.008346090144436021,-0.008984921069145103,-0.0006388309247090818
M5_Pten,44,AS,HIL,12.28289591991688,77.08210051386384,64.79920459394695,1025.119892294476,700.9293081920106,-324.1905841024653,-0.005245744749785186,-0.01312310044786782,-0.007877355698082632
M5_Pten,44,GZ,HIL,3.9279076360887,-46.50731240549391,-50.43522004158261,-135.6006059490267,-589.234363278963,-453.6337573299363,-0.005245744749785186,-0.01312310044786782,-0.007877355698082632
M5_Pten,46,AS,HIL,70.01840732896409,212.5634390984654,142.54503176950132,1118.429350160464,579.5027320739711,-538.926618086493,-0.0107847504087819,-0.01688699593638021,-0.0061022455275983115
M5_Pten,46,GZ,HIL,-78.7727602066532,-113.966067265805,-35.19330705915179,-253.1087906634222,-693.2176862444194,-440.10889558099717,-0.0107847504087819,-0.01688699593638021,-0.0061022455275983115
M5_Pten,48,AS,HIL,191.9497126508553,165.1988978973043,-26.750814753550998,1135.138294014199,200.1529189348928,-934.9853750793061,-0.01829214837663546,-0.01572149719623767,0.0025706511803977906
M5_Pten,48,GZ,HIL,-65.75258316532268,-120.2810964276713,-54.528513262348625,-384.8776895491798,-876.1429440500584,-491.2652545008786,-0.01829214837663546,-0.01572149719623767,0.0025706511803977906
M5_Pten,50,AS,HIL|DG GCL2,-9.83469931365903,-87.45788195118406,-77.62318263752503,937.7343901954746,-402.9834161655538,-1340.7178063610284,-0.0329363168133693,-0.01689057578619089,0.01604574102717841
M5_Pten,50,GZ,HIL|DG GCL2,-49.06832787298367,37.23601591751872,86.3043437905024,-793.1378474001017,-1019.001230423009,-225.86338302290733,-0.0329363168133693,-0.01689057578619089,0.01604574102717841
M5_Pten,52,AS,HIL|DG GCL2,1127.784202165922,-267.3533352178337,-1395.1375373837557,671.4157167806666,-922.3846001390466,-1593.8003169197132,-0.03299730679314458,-0.02560371594388003,0.007393590849264553
M5_Pten,52,GZ,HIL|DG GCL2,-8.542952998991893,-35.88719521799401,-27.34424221900212,-1163.968445824794,-1040.150555291277,123.8178905335169,-0.03299730679314458,-0.02560371594388003,0.007393590849264553
M5_Pten,54,AS,DG GCL2,-853.3961303398723,-309.1724968583731,544.2236334814993,-805.6364573878371,-1131.704786082451,-326.0683286946138,-0.03539755652152478,-0.03834183473019035,-0.0029442782086655725
M5_Pten,54,GZ,DG GCL2,32.432310042843,-269.3939208984374,-301.8262309412804,-1446.592737416752,-882.2464239401896,564.3463134765624,-0.03539755652152478,-0.03834183473019035,-0.0029442782086655725
M5_Pten,56,AS,DG GCL2,-356.331281344909,-214.1580689680763,142.17321237683268,-1412.398595532936,-993.7508520319665,418.64774350096957,-0.05652698060389463,-0.05462283644800527,0.0019041441558893604
M5_Pten,56,GZ,DG GCL2,-115.2107484879031,-186.230707827801,-71.01995933989791,-1485.002361360143,-378.3950626989715,1106.6072986611714,-0.05652698060389463,-0.05462283644800527,0.0019041441558893604
M5_Pten,58,AS,DG MML2|DG GCL2,-379.775415601023,31.90547565408637,411.6808912551094,-1638.76823963466,-599.1493139170866,1039.6189257175733,-0.08012233112015135,-0.05692787483908885,0.023194456281062502
M5_Pten,58,GZ,DG MML2|DG GCL2,-441.8512159778223,92.96146515877012,534.8126811365923,-1263.070528624488,356.9322715598468,1620.0028001843348,-0.08012233112015135,-0.05692787483908885,0.023194456281062502
M5_Pten,60,AS,DG MML2,-183.4612990279333,201.4660735961333,384.9273726240666,-1435.973741206886,-222.4080210687426,1213.5657201381434,-0.08319255888802542,-0.03417562646113485,0.049016932426890564
M5_Pten,60,GZ,DG MML2,-366.060318485383,329.5674829439084,695.6278014292914,-517.1939036885246,1030.05499024581,1547.2488939343345,-0.08319255888802542,-0.03417562646113485,0.049016932426890564
M5_Pten,62,AS,DG MML2,157.3619793748,155.6992062173884,-1.662773157411607,-1000.453458287409,-49.59851747161195,950.8549408157971,-0.06151952801887249,-0.04834376822369382,0.013175759795178668
M5_Pten,62,GZ,DG MML2,315.402123235887,296.8122772357431,-18.589846000143893,623.998423091701,1345.106066808768,721.1076437170669,-0.06151952801887249,-0.04834376822369382,0.013175759795178668
M5_Pten,64,AS,DG OML2|DG MML2,157.3619793748,155.6992062173884,-1.662773157411607,-686.3899705815612,-29.70720708334874,656.6827634982125,,,
M5_Pten,64,GZ,DG OML2|DG MML2,,,,1352.870753554047,1307.1110388155,-45.75971473854702,,,
m28_ptenblind,2,AS,CA1|CA1 SP,-72.03280163542989,-49.58180576334217,22.450995872087724,-53.37334470630186,-255.8583144825029,-202.48496977620104,-0.02323983860523732,-0.008461375618415617,0.014778462986821703
m28_ptenblind,2,GZ,CA1|CA1 SP,,,,-29.07362140592982,-21.34682702236491,7.726794383564911,-0.02323983860523732,-0.008461375618415617,0.014778462986821703
m28_ptenblind,4,AS,CA1 SP,-72.03280163542989,-49.58180576334217,22.450995872087724,-100.6355443930725,-344.1060727068003,-243.4705283137278,-0.02392993815848112,-0.007228506465682126,0.016701431692798994
m28_ptenblind,4,GZ,CA1 SP,-48.52147256174402,-27.28240720687374,21.23906535487028,-66.5019926477651,-77.13439816334208,-10.632405515576977,-0.02392993815848112,-0.007228506465682126,0.016701431692798994
m28_ptenblind,6,AS,CA1 SP|CA1,11.86143528774876,-1.950617641439226,-13.812052929187987,-81.32532523380769,-385.5858957124449,-304.2605704786372,-0.02567156452857929,-0.009711585349369611,0.015959979179209677
m28_ptenblind,6,GZ,CA1 SP|CA1,1.434572281376012,1.651394751764122,0.2168224703881101,-56.20399850313781,-102.4388485267514,-46.23485002361359,-0.02567156452857929,-0.009711585349369611,0.015959979179209677
m28_ptenblind,8,AS,CA1 SP|CA1,12.99843946686181,26.06320686047644,13.06476739361463,-72.917811603467,-417.576445583486,-344.65863398001903,-0.02106265085531758,-0.005533450719228613,0.015529200136088966
m28_ptenblind,8,GZ,CA1 SP|CA1,9.474600515057972,3.767936460433467,-5.706664054624505,-46.09211155625641,-128.5684304159196,-82.4763188596632,-0.02106265085531758,-0.005533450719228613,0.015529200136088966
m28_ptenblind,10,AS,CA1,-16.7449014571012,-39.95458305339375,-23.209681596292548,-78.8729180933529,-484.0086545192354,-405.1357364258825,-0.0223347143271603,-0.00725958534983231,0.015075128977327991
m28_ptenblind,10,GZ,CA1,-12.466307609312,-32.7203812137727,-20.254073604460697,-50.01049354428152,-172.6160831138736,-122.60558956959207,-0.0223347143271603,-0.00725958534983231,0.015075128977327991
m28_ptenblind,12,AS,CA1|CA1 SLM,-8.742378800726295,-35.08768301180864,-26.34530421108235,-67.26338556693304,-506.2580029499481,-438.99461738301505,-0.02684243886440515,-0.01315388598339485,0.0136885528810103
m28_ptenblind,12,GZ,CA1|CA1 SLM,-9.51742356823337,-42.70165966403099,-33.18423609579762,-37.08017067831071,-179.8579106565381,-142.7777399782274,-0.02684243886440515,-0.01315388598339485,0.0136885528810103
m28_ptenblind,14,AS,CA1 SLM,8.774632992951759,-22.05039899977272,-30.82503199272448,-47.74033479176121,-493.5598650413925,-445.8195302496313,-0.01898495222033779,-0.009864037114034227,0.009120915106303562
m28_ptenblind,14,GZ,CA1 SLM,7.744696832472287,-48.56835642168598,-56.31305325415827,-14.6300519099001,-146.6232675020812,-131.99321559218112,-0.01898495222033779,-0.009864037114034227,0.009120915106303562
m28_ptenblind,16,AS,CA1 SLM,21.30851843168059,18.79497928082791,-2.5135391508526794,-36.8996932793455,-459.2288321973872,-422.3291389180417,-0.01733803678469438,-0.004348594133502827,0.012989442651191552
m28_ptenblind,16,GZ,CA1 SLM,22.49945363690776,16.74590572234122,-5.753547914566539,1.143095923251795,-64.56812874215547,-65.71122466540726,-0.01733803678469438,-0.004348594133502827,0.012989442651191552
m28_ptenblind,18,AS,CA1 SLM|DG OML1,-3.532829187105328,32.04928639599736,35.58211558310269,-46.49596788081885,-447.3071830401282,-400.81121515930937,-0.02260151235080682,-0.01598879690323127,0.006612715447575548
m28_ptenblind,18,GZ,CA1 SLM|DG OML1,33.2757273027974,106.2012949297505,72.9255676269531,-4.451564100922139,14.69827870853615,19.149842809458292,-0.02260151235080682,-0.01598879690323127,0.006612715447575548
m28_ptenblind,20,AS,DG OML1,86.22212909981413,79.29105344025979,-6.931075659554338,-54.42064530621922,-471.8665680944673,-417.4459227882481,-0.05864996473094074,-0.03359396572658931,0.025055999004351424
m28_ptenblind,20,GZ,DG OML1,210.4402357532131,353.7998199462891,143.35958419307602,-37.83979572233606,-61.16935855052508,-23.32956282818902,-0.05864996473094074,-0.03359396572658931,0.025055999004351424
m28_ptenblind,22,AS,DG OML1|DG MML1,154.3280560037364,261.9753054645667,107.6472494608303,-154.5301888493582,-586.8163366040748,-432.2861477547166,-0.05961284277851488,-0.0469160406181832,0.012696802160331679
m28_ptenblind,22,GZ,DG OML1|DG MML1,296.7190896311115,563.020460067257,266.3013704361455,-272.4352351954726,-432.6109338979252,-160.17569870245256,-0.05961284277851488,-0.0469160406181832,0.012696802160331679
m28_ptenblind,24,AS,DG OML1|DG MML1,100.2191021619248,68.80059693475509,-31.418505227169703,-419.6325278381095,-956.3984297123194,-536.7659018742099,-0.04963195924536016,-0.04916336407591424,0.00046859516944591784
m28_ptenblind,24,GZ,DG OML1|DG MML1,136.4597197501889,208.8626738517515,72.40295410156261,-800.4519353147411,-1258.600829077549,-458.1488937628078,-0.04963195924536016,-0.04916336407591424,0.00046859516944591784
m28_ptenblind,26,AS,DG MML1|DG GCL1,-77.51563381965818,-634.7990987245995,-557.2834649049413,-786.6425098719934,-1331.456948118091,-544.8144382460977,-0.03400299018650137,-0.02755474006122213,0.0064482501252792375
m28_ptenblind,26,GZ,DG MML1|DG GCL1,-275.2732307680191,-818.0089150705649,-542.7356843025457,-1466.120985687756,-2116.364213286853,-650.243227599097,-0.03400299018650137,-0.02755474006122213,0.0064482501252792375
m28_ptenblind,28,AS,DG MML1|DG GCL1,-216.8822812912104,-658.4556169826966,-441.5733356914862,-1042.003647420416,-976.431874318736,65.57177310167992,-0.04339002391579895,-0.06148052441887523,-0.018090500503076277
m28_ptenblind,28,GZ,DG MML1|DG GCL1,-499.150676112021,-487.1803406746155,11.970335437405538,-1866.976753610079,-2082.684032252578,-215.7072786424992,-0.04339002391579895,-0.06148052441887523,-0.018090500503076277
m28_ptenblind,30,AS,DG GCL1|HIL,-244.298783714509,64.25602417772694,308.55480789223594,-1042.360313700442,66.56862789169881,1108.9289415921407,-0.05893993007337271,-0.04785551724779291,0.0110844128255798
m28_ptenblind,30,GZ,DG GCL1|HIL,-342.1067268617692,-130.7779127551663,211.32881410660286,-1788.116830294249,-1430.393375334192,357.7234549600571,-0.05893993007337271,-0.04785551724779291,0.0110844128255798
m28_ptenblind,32,AS,DG GCL1|HIL,-82.94976275900126,636.225507692303,719.1752704513043,-772.5277184450774,1015.489467446735,1788.0171858918125,-0.04366053073722587,-0.02027957055216902,0.023380960185056848
m28_ptenblind,32,GZ,DG GCL1|HIL,-30.01157699092738,75.67750253985012,105.6890795307775,-1372.057305007685,-829.1776375692399,542.8796674384452,-0.04366053073722587,-0.02027957055216902,0.023380960185056848
m28_ptenblind,34,AS,HIL,129.6640479046366,8.630840369807716,-121.03320753482888,-415.0020393593182,1342.590561546231,1757.592600905549,-0.02307507008258024,-0.01330600109579646,0.00976906898678378
m28_ptenblind,34,GZ,HIL,215.2559834141884,186.3750334708921,-28.880949943296287,-919.4734917312373,-502.3704591344614,417.10303259677596,-0.02307507008258024,-0.01330600109579646,0.00976906898678378
m28_ptenblind,36,AS,HIL,112.6015509485892,98.70872595121186,-13.892824997377346,-213.2046173222332,1559.16778279538,1772.372400117613,-0.01107817508689269,-0.01401090367041987,-0.0029327285835271805
m28_ptenblind,36,GZ,HIL,160.5491638183595,44.97878782210812,-115.57037599625137,-672.4336342733415,-424.1626614429917,248.27097283034976,-0.01107817508689269,-0.01401090367041987,-0.0029327285835271805
m28_ptenblind,38,AS,HIL,125.7434074226242,397.5100846546691,271.76667723204486,-163.8242634500211,1625.430522617957,1789.254786067978,-0.01713296748480722,-0.01432710347327682,0.0028058640115304016
m28_ptenblind,38,GZ,HIL,237.3168699203,182.086883052703,-55.229986867597006,-573.1677696353099,-395.8885317943137,177.27923784099625,-0.01713296748480722,-0.01432710347327682,0.0028058640115304016
m28_ptenblind,40,AS,HIL,108.1163742963004,-217.0499816270129,-325.1663559233133,-287.2052964333182,1272.150538274361,1559.3558347076792,-0.02302832207379989,-0.01669668858666839,0.0063316334871315015
m28_ptenblind,40,GZ,HIL,144.1638085149949,-90.60496668661797,-234.76877520161287,-720.8321993468238,-669.032362640881,51.79983670594277,-0.02302832207379989,-0.01669668858666839,0.0063316334871315015
m28_ptenblind,42,AS,HIL,-17.57794938733816,317.0119039237958,334.58985331113394,-558.2314962173399,1034.504166282559,1592.7356624998988,-0.01619232824541593,-0.01334109282909535,0.0028512354163205793
m28_ptenblind,42,GZ,HIL,-34.34704196068547,5.867496613533253,40.21453857421873,-1021.766412453573,-867.2125144082987,154.5538980452743,-0.01619232824541593,-0.01334109282909535,0.0028512354163205793
m28_ptenblind,44,AS,HIL,-12.38859522982931,763.34058659156,775.7291818213894,-812.9180971517602,475.9038790627634,1288.8219762145236,-0.03253129293438743,-0.01993759966524375,0.012593693269143683
m28_ptenblind,44,GZ,HIL,73.87272004158264,-104.3735627205141,-178.24628276209674,-1297.630372594615,-1215.828223306625,81.80214928799,-0.03253129293438743,-0.01993759966524375,0.012593693269143683
m28_ptenblind,46,AS,DG GCL2,-340.7496186473485,-848.2997533305529,-507.5501346832044,-1083.097481628671,-929.9169833234731,153.18049830519783,-0.0484317567467358,-0.04994595050987246,-0.001514193763136662
m28_ptenblind,46,GZ,DG GCL2,-524.8411855389993,-542.5358433877268,-17.694657848727502,-1638.414789418705,-1857.196807861328,-218.78201844262298,-0.0484317567467358,-0.04994595050987246,-0.001514193763136662
m28_ptenblind,48,AS,DG GCL2,-262.0733022080054,-588.9141248620076,-326.84082265400224,-948.311675138988,-1432.135839185279,-483.8241640462911,-0.06525704465792286,-0.08218542969890667,-0.016928385040983818
m28_ptenblind,48,GZ,DG GCL2,-537.2174170709425,-494.8174876551475,42.399929415794986,-1448.919014852555,-1749.87620994693,-300.95719509437504,-0.06525704465792286,-0.08218542969890667,-0.016928385040983818
m28_ptenblind,50,AS,DG GCL2,106.3509109379994,-204.0125171241858,-310.3634280621852,-501.5237895284945,-1256.581247100197,-755.0574575717026,-0.05361866479762385,-0.03728856660822351,0.016330098189400344
m28_ptenblind,50,GZ,DG GCL2,87.58495699974797,159.5400533368511,71.95509633710311,-716.6400971959849,-987.6855631343657,-271.04546593838074,-0.05361866479762385,-0.03728856660822351,0.016330098189400344
m28_ptenblind,52,AS,DG MML2,115.547277738371,206.7172155355859,91.1699377972149,-131.3401851416623,-792.1555388517894,-660.815353710127,-0.05878704176539772,-0.0436393342757062,0.01514770748969152
m28_ptenblind,52,GZ,DG MML2,253.6741687405495,379.9001016924458,126.22593295189628,-81.361864433914,-80.62750394227085,0.7343604916431445,-0.05878704176539772,-0.0436393342757062,0.01514770748969152
m28_ptenblind,54,AS,DG MML2,192.9106846489869,172.1568875910376,-20.7537970579493,106.164797707712,-520.7255826451471,-626.8903803528591,-0.0531046349180057,-0.05108582865720496,0.00201880626080074
m28_ptenblind,54,GZ,DG MML2,311.4059202132686,332.7016522807459,21.29573206747733,305.1054907626793,444.8232181736684,139.71772741098908,-0.0531046349180057,-0.05108582865720496,0.00201880626080074
m28_ptenblind,56,AS,DG OML2,-14.36371083759587,-10.18598805303158,4.17772278456429,136.8779384248979,-420.904689804647,-557.7826282295449,-0.02352640841352766,-0.02503833070550401,-0.0015119222919763517
m28_ptenblind,56,GZ,DG OML2,18.69632351783013,92.09842066611009,73.40209714827995,377.0094699546938,638.3153884137263,261.30591845903245,-0.02352640841352766,-0.02503833070550401,-0.0015119222919763517
m28_ptenblind,58,AS,DG,39.43452566785886,36.6781873776175,-2.7563382902413593,176.4390241061009,-323.6090711538228,-500.0480952599237,-0.00827080528061039,-0.007404993020594886,0.0008658122600155036
m28_ptenblind,58,GZ,DG,57.88089383033017,70.0569768105784,12.176082980248232,428.489122234407,743.6475597444128,315.1584375100058,-0.00827080528061039,-0.007404993020594886,0.0008658122600155036
m28_ptenblind,60,AS,DG,-17.74516191019125,18.92776684382993,36.67292875402118,174.7316700788949,-270.0660673909168,-444.79773746981175,-0.006349607140822086,-0.006128607732224288,0.00022099940859779833
m28_ptenblind,60,GZ,DG,-1.058393909085149,43.68449795630671,44.742891865391854,425.9605407714844,778.3995143702778,352.4389735987934,-0.006349607140822086,-0.006128607732224288,0.00022099940859779833
m28_ptenblind,62,AS,DG,25.34491692662544,19.05085180726503,-6.294065119360411,187.5237429290392,-238.097527215095,-425.6212701441342,-0.006000981154599137,-0.004497196039595929,0.001503785115003208
m28_ptenblind,62,GZ,DG,28.39426840505292,6.463450770224284,-21.930817634828635,424.6167042216317,762.3903243268124,337.7736201051807,-0.006000981154599137,-0.004497196039595929,0.001503785115003208
m28_ptenblind,64,AS,DG,25.34491692662544,19.05085180726503,-6.294065119360411,172.3446034791559,-228.291475921251,-400.63607940040686,,,
m28_ptenblind,64,GZ,DG,,,,390.5253175829278,705.5582452992919,315.0329277163641,,,
