Mouse,Group,Type,Session_ID,Channel,Region,TimeFrame,CSD_Val,Voltage_Val,Theta_Val
M13_pten,Base,PTEN,m13s2,2,CA1,AS,-3.228919468079879,-69.82365379004747,-0.003206019346714903
M13_pten,Base,PTEN,m13s2,4,CA1,AS,-3.228919468079879,-80.60345983033434,-0.01502650111526771
M13_pten,Base,PTEN,m13s2,6,CA1,AS,-3.126721904663842,-87.81527103116021,-0.02277289947415046
M13_pten,Base,PTEN,m13s2,8,CA1,AS,-35.53271551618139,-89.50218300525651,-0.02609651395487884
M13_pten,Base,PTEN,m13s2,10,CA1 SLM,AS,-28.15306920740705,-50.94002322803621,-0.02231209302738224
M13_pten,Base,PTEN,m13s2,12,CA1 SLM,AS,19.92624340248747,19.06659966111755,-0.01784027430784138
M13_pten,Base,PTEN,m13s2,14,DG OML1,AS,9.543518510691268,67.91377744848191,-0.03952965512338266
M13_pten,Base,PTEN,m13s2,16,DG OML1,AS,14.97400236157904,109.1982844231268,-0.03256831254404993
M13_pten,Base,PTEN,m13s2,18,DG MML1,AS,35.60328478891035,138.5622532878332,-0.02971593914335469
M13_pten,Base,PTEN,m13s2,20,DG MML1,AS,26.18910125126034,136.9954245257141,-0.01316210550554895
M13_pten,Base,PTEN,m13s2,22,DG MML1,AS,21.66860919286715,106.964354845346,-0.005916703707607713
M13_pten,Base,PTEN,m13s2,24,DG GCL1,AS,-62.19547263473218,66.30161552051753,-0.01527911167964756
M13_pten,Base,PTEN,m13s2,26,DG GCL1,AS,-151.3742960603973,113.150179291015,-0.01859038725560029
M13_pten,Base,PTEN,m13s2,28,HIL,AS,-54.30696387237482,326.6790337049654,-0.02157935381477712
M13_pten,Base,PTEN,m13s2,30,HIL,AS,17.07710357672018,613.6376423231526,-0.00420191527205915
M13_pten,Base,PTEN,m13s2,32,HIL,AS,136.9537767781392,876.541386082877,-0.01455084457260956
M13_pten,Base,PTEN,m13s2,34,HIL,AS,227.6624896829812,965.2321112639148,-0.03243925308604642
M13_pten,Base,PTEN,m13s2,36,HIL,AS,539.3348347125219,733.3732870414237,-0.05347407583809248
M13_pten,Base,PTEN,m13s2,38,HIL,AS,-80.28021464778395,-211.6655775277789,-0.05197038897208449
M13_pten,Base,PTEN,m13s2,40,DG GCL2,AS,-437.2637364284134,-1065.315779884745,-0.1184496654249104
M13_pten,Base,PTEN,m13s2,42,DG GCL2,AS,-476.1433711137309,-1447.796648392615,-0.1301362847844542
M13_pten,Base,PTEN,m13s2,44,DG GCL2,AS,-135.7968585734618,-1285.859430327113,-0.0727228756572505
M13_pten,Base,PTEN,m13s2,46,DG MML2,AS,190.0711494849559,-865.9167102530027,-0.07301192654979859
M13_pten,Base,PTEN,m13s2,48,DG MML2,AS,170.0412315715375,-614.2053296685492,-0.05878897481338195
M13_pten,Base,PTEN,m13s2,50,DG OML2,AS,40.98698662745304,-541.7463714765199,-0.03385978870395444
M13_pten,Base,PTEN,m13s2,52,DG OML2,AS,-66.41268612900843,-500.5359132184108,-0.0130842227536208
M13_pten,Base,PTEN,m13s2,54,DG,AS,20.10076336332502,-383.1350531701344,-0.005873622348096961
M13_pten,Base,PTEN,m13s2,56,DG,AS,59.87284658650776,-313.9882993287184,-0.009049934921831974
M13_pten,Base,PTEN,m13s2,58,DG,AS,-18.83144104736376,-324.844608739128,-0.00446164229536972
M13_pten,Base,PTEN,m13s2,60,DG,AS,-12.40196430657339,-303.0560709895169,-0.00910482253729663
M13_pten,Base,PTEN,m13s2,62,DG,AS,-4.364776161039244,-258.6546409940553,-0.009680513199721002
M13_pten,Base,PTEN,m13s2,64,DG,AS,-4.364776161039244,-205.0903008610458,
M13_pten,Base,PTEN,m13s2,2,CA1,GZ,,-150.6406921155816,-0.003206019346714903
M13_pten,Base,PTEN,m13s2,4,CA1,GZ,3.618188294820104,-175.4049563317701,-0.01502650111526771
M13_pten,Base,PTEN,m13s2,6,CA1,GZ,17.60871830412533,-205.3565161225174,-0.02277289947415046
M13_pten,Base,PTEN,m13s2,8,CA1,GZ,-35.88549138298697,-248.5099109394703,-0.02609651395487884
M13_pten,Base,PTEN,m13s2,10,CA1 SLM,GZ,-33.37093381668734,-253.5306490384616,-0.02231209302738224
M13_pten,Base,PTEN,m13s2,12,CA1 SLM,GZ,9.05788980110111,-221.3715099897541,-0.01784027430784138
M13_pten,Base,PTEN,m13s2,14,DG OML1,GZ,4.252317821417483,-198.2230995822824,-0.03952965512338266
M13_pten,Base,PTEN,m13s2,16,DG OML1,GZ,24.97549506629963,-180.8855747064155,-0.03256831254404993
M13_pten,Base,PTEN,m13s2,18,DG MML1,GZ,97.42604295905704,-178.6288902407787,-0.02971593914335469
M13_pten,Base,PTEN,m13s2,20,DG MML1,GZ,76.15218623991932,-253.8626864458542,-0.01316210550554895
M13_pten,Base,PTEN,m13s2,22,DG MML1,GZ,18.55832234801488,-395.5432175086696,-0.005916703707607713
M13_pten,Base,PTEN,m13s2,24,DG GCL1,GZ,-148.676491256979,-541.3899944829762,-0.01527911167964756
M13_pten,Base,PTEN,m13s2,26,DG GCL1,GZ,-139.5292447755118,-526.151986621217,-0.01859038725560029
M13_pten,Base,PTEN,m13s2,28,HIL,GZ,-29.0256244668889,-350.8766434081416,-0.02157935381477712
M13_pten,Base,PTEN,m13s2,30,HIL,GZ,28.15553272332507,-135.9219064027034,-0.00420191527205915
M13_pten,Base,PTEN,m13s2,32,HIL,GZ,121.1473640082197,4.354739098952328,-0.01455084457260956
M13_pten,Base,PTEN,m13s2,34,HIL,GZ,99.80399082079717,28.56514583169157,-0.03243925308604642
M13_pten,Base,PTEN,m13s2,36,HIL,GZ,159.2119467761322,-197.8545796224779,-0.05347407583809248
M13_pten,Base,PTEN,m13s2,38,HIL,GZ,28.24973586771096,-831.0018878566362,-0.05197038897208449
M13_pten,Base,PTEN,m13s2,40,DG GCL2,GZ,-253.5507921545436,-1432.695540323534,-0.1184496654249104
M13_pten,Base,PTEN,m13s2,42,DG GCL2,GZ,-834.0947835084523,-1660.426867414093,-0.1301362847844542
M13_pten,Base,PTEN,m13s2,44,DG GCL2,GZ,-217.6961969796838,-1052.224311972926,-0.0727228756572505
M13_pten,Base,PTEN,m13s2,46,DG MML2,GZ,479.1088624864299,-83.05614803357496,-0.07301192654979859
M13_pten,Base,PTEN,m13s2,48,DG MML2,GZ,380.0896959328475,456.1245739084176,-0.05878897481338195
M13_pten,Base,PTEN,m13s2,50,DG OML2,GZ,181.3166691706728,617.8938299229585,-0.03385978870395444
M13_pten,Base,PTEN,m13s2,52,DG OML2,GZ,-28.55945520897954,589.9206404427417,-0.0130842227536208
M13_pten,Base,PTEN,m13s2,54,DG,GZ,5.172237273185497,560.4739098951762,-0.005873622348096961
M13_pten,Base,PTEN,m13s2,56,DG,GZ,51.94546152876861,528.1653001359552,-0.009049934921831974
M13_pten,Base,PTEN,m13s2,58,DG,GZ,-32.72968604606079,436.2331164289091,-0.00446164229536972
M13_pten,Base,PTEN,m13s2,60,DG,GZ,19.50989526791254,386.5765911934505,-0.00910482253729663
M13_pten,Base,PTEN,m13s2,62,DG,GZ,1.879822231699744,326.8623496364675,-0.009680513199721002
M13_pten,Base,PTEN,m13s2,64,DG,GZ,,252.8795817159916,
M13_pten,CNO,PTEN,m13s17,2,CA1 SP,AS,-28.11249964568897,-56.31607204379462,-0.02026690530158532
M13_pten,CNO,PTEN,m13s17,4,CA1 SP,AS,-28.11249964568897,-97.88923844239274,-0.009911094578718768
M13_pten,CNO,PTEN,m13s17,6,CA1,AS,26.80977497067929,-117.7847793315536,-0.02975748219939486
M13_pten,CNO,PTEN,m13s17,8,CA1,AS,23.77548222311231,-168.1122529993274,-0.005788009238043126
M13_pten,CNO,PTEN,m13s17,10,CA1,AS,-9.760873021201967,-240.8340750059936,-0.02728998882503133
M13_pten,CNO,PTEN,m13s17,12,CA1,AS,-31.35307328801558,-301.745797473584,-0.02095943631892313
M13_pten,CNO,PTEN,m13s17,14,CA1 SLM,AS,-67.70746994222755,-324.7817040502042,-0.03101167236071885
M13_pten,CNO,PTEN,m13s17,16,CA1 SLM,AS,-41.02096689213238,-271.0417420158029,-0.02806528795389752
M13_pten,CNO,PTEN,m13s17,18,CA1 SLM,AS,30.89012019391615,-172.7223832968705,-0.0208635405841336
M13_pten,CNO,PTEN,m13s17,20,DG OML1,AS,6.770219339434157,-107.8990806337375,-0.05623141326777265
M13_pten,CNO,PTEN,m13s17,22,DG MML1,AS,51.42163087389592,-53.01110932901307,-0.04819178839687879
M13_pten,CNO,PTEN,m13s17,24,DG MML1,AS,147.0717272029317,-48.43397618122313,-0.04105567681009298
M13_pten,CNO,PTEN,m13s17,26,DG GCL1,AS,-101.5225456236431,-185.7215463913836,-0.03468689875987554
M13_pten,CNO,PTEN,m13s17,28,DG GCL1,AS,-262.1915283275729,-201.2420186064229,-0.03179873811026387
M13_pten,CNO,PTEN,m13s17,30,HIL,AS,-38.16746533792677,61.55340438941418,-0.01856280337760083
M13_pten,CNO,PTEN,m13s17,32,HIL,AS,176.1439486842631,368.6699010018367,-0.01886574090246979
M13_pten,CNO,PTEN,m13s17,34,HIL,AS,433.1725409885579,462.084734772297,-0.0428048237825842
M13_pten,CNO,PTEN,m13s17,36,HIL,AS,275.8087029329751,21.66597270072923,-0.04597902373409237
M13_pten,CNO,PTEN,m13s17,38,DG GCL2,AS,-143.0369759275283,-744.0029646017535,-0.08516666814850568
M13_pten,CNO,PTEN,m13s17,40,DG GCL2,AS,-677.7540073157674,-1378.906883144774,-0.1076519477452123
M13_pten,CNO,PTEN,m13s17,42,DG GCL2,AS,-220.8727495877214,-1276.887982942809,-0.06507421767131652
M13_pten,CNO,PTEN,m13s17,44,DG MML2,AS,148.2297470445815,-880.2546716778595,-0.0653167223212307
M13_pten,CNO,PTEN,m13s17,46,DG MML2,AS,175.6419905204957,-615.2220861016582,-0.04536012032409691
M13_pten,CNO,PTEN,m13s17,48,DG MML2,AS,89.81463187781591,-525.2518367205975,-0.02326561264749926
M13_pten,CNO,PTEN,m13s17,50,DG OML2,AS,-6.282484439937651,-528.4197751267659,-0.02282004974086793
M13_pten,CNO,PTEN,m13s17,52,DG OML2,AS,-61.08849530613398,-514.1679306788574,-0.02324692498566677
M13_pten,CNO,PTEN,m13s17,54,DG OML2,AS,-10.19560829162145,-412.9129652924995,-0.01922657343231305
M13_pten,CNO,PTEN,m13s17,56,DG OML2,AS,98.26499881334847,-302.0976610560105,-0.02771314907905326
M13_pten,CNO,PTEN,m13s17,58,DG OML2,AS,-69.11573646566741,-326.6140927590193,-0.02514949539359736
M13_pten,CNO,PTEN,m13s17,60,DG,AS,30.16692819370147,-283.3849200063101,-0.007327729332807091
M13_pten,CNO,PTEN,m13s17,62,DG,AS,2.210688422254173,-269.7148413705536,-0.007052775771301324
M13_pten,CNO,PTEN,m13s17,64,DG,AS,2.210688422254173,-258.3758545510846,
M13_pten,CNO,PTEN,m13s17,2,CA1 SP,GZ,,-98.17978411378904,-0.02026690530158532
M13_pten,CNO,PTEN,m13s17,4,CA1 SP,GZ,2.193144721727319,-124.4245638976423,-0.009911094578718768
M13_pten,CNO,PTEN,m13s17,6,CA1,GZ,18.76741768449924,-152.7683201337923,-0.02975748219939486
M13_pten,CNO,PTEN,m13s17,8,CA1,GZ,32.86633273308559,-200.9931208748332,-0.005788009238043126
M13_pten,CNO,PTEN,m13s17,10,CA1,GZ,9.151289897669724,-280.334542463901,-0.02728998882503133
M13_pten,CNO,PTEN,m13s17,12,CA1,GZ,5.928949583587309,-365.9490540970203,-0.02095943631892313
M13_pten,CNO,PTEN,m13s17,14,CA1 SLM,GZ,-49.99685895594991,-450.1469939708529,-0.03101167236071885
M13_pten,CNO,PTEN,m13s17,16,CA1 SLM,GZ,-40.96940220162463,-481.337645832837,-0.02806528795389752
M13_pten,CNO,PTEN,m13s17,18,CA1 SLM,GZ,8.343386811058233,-463.5478989386259,-0.0208635405841336
M13_pten,CNO,PTEN,m13s17,20,DG OML1,GZ,-0.1132561582779032,-455.0629185666758,-0.05623141326777265
M13_pten,CNO,PTEN,m13s17,22,DG MML1,GZ,110.7661024753259,-445.6032139628707,-0.04819178839687879
M13_pten,CNO,PTEN,m13s17,24,DG MML1,GZ,264.4381569635573,-513.9238573511366,-0.04105567681009298
M13_pten,CNO,PTEN,m13s17,26,DG GCL1,GZ,-155.5590160967977,-797.696915283668,-0.03468689875987554
M13_pten,CNO,PTEN,m13s17,28,DG GCL1,GZ,-357.4132211031275,-897.6114893341351,-0.03179873811026387
M13_pten,CNO,PTEN,m13s17,30,HIL,GZ,-19.55842506769268,-620.4205250131049,-0.01856280337760083
M13_pten,CNO,PTEN,m13s17,32,HIL,GZ,58.57424439117586,-353.7531688019742,-0.01886574090246979
M13_pten,CNO,PTEN,m13s17,34,HIL,GZ,226.6062044685976,-241.6804404918629,-0.0428048237825842
M13_pten,CNO,PTEN,m13s17,36,HIL,GZ,136.9574647690243,-544.7906017121671,-0.04597902373409237
M13_pten,CNO,PTEN,m13s17,38,DG GCL2,GZ,-58.7221848186656,-1040.94286215837,-0.08516666814850568
M13_pten,CNO,PTEN,m13s17,40,DG GCL2,GZ,-746.9446936319044,-1461.939751715593,-0.1076519477452123
M13_pten,CNO,PTEN,m13s17,42,DG GCL2,GZ,-312.1582168613443,-1059.683459067772,-0.06507421767131652
M13_pten,CNO,PTEN,m13s17,44,DG MML2,GZ,338.4177114224846,-267.5220810908012,-0.0653167223212307
M13_pten,CNO,PTEN,m13s17,46,DG MML2,GZ,354.7539335395372,208.7717874332825,-0.04536012032409691
M13_pten,CNO,PTEN,m13s17,48,DG MML2,GZ,180.6663061028929,348.724435042026,-0.02326561264749926
M13_pten,CNO,PTEN,m13s17,50,DG OML2,GZ,55.96832252496718,329.5267376334351,-0.02282004974086793
M13_pten,CNO,PTEN,m13s17,52,DG OML2,GZ,26.7936323070025,257.4667427042626,-0.02324692498566677
M13_pten,CNO,PTEN,m13s17,54,DG OML2,GZ,8.425461467906016,148.7097033007292,-0.01922657343231305
M13_pten,CNO,PTEN,m13s17,56,DG OML2,GZ,-105.8988349382267,40.69670874609823,-0.02771314907905326
M13_pten,CNO,PTEN,m13s17,58,DG OML2,GZ,-15.09493736959632,20.90746130236131,-0.02514949539359736
M13_pten,CNO,PTEN,m13s17,60,DG,GZ,17.73815341042293,19.38164056915391,-0.007327729332807091
M13_pten,CNO,PTEN,m13s17,62,DG,GZ,-9.290026974517064,0.7369942761449245,-0.007052775771301324
M13_pten,CNO,PTEN,m13s17,64,DG,GZ,,-12.02977798933119,
M34_ptenblind,Base,PTEN,m34s5,2,CA1,AS,-0.05803022848065827,-55.50780236968361,-0.002155839546707547
M34_ptenblind,Base,PTEN,m34s5,4,CA1 SP,AS,-0.05803022848065827,-59.84471744521525,-0.004641394801332675
M34_ptenblind,Base,PTEN,m34s5,6,CA1 SP,AS,7.110673753196932,-63.782751312889,-0.005500169760228948
M34_ptenblind,Base,PTEN,m34s5,8,CA1 SP,AS,-1.963232484315056,-74.37570658956821,-0.01425681123933823
M34_ptenblind,Base,PTEN,m34s5,10,CA1,AS,3.981958569773007,-83.95088164143543,-0.01214696440618574
M34_ptenblind,Base,PTEN,m34s5,12,CA1,AS,-5.276497062819694,-97.69943047361254,-0.004801297787589929
M34_ptenblind,Base,PTEN,m34s5,14,CA1,AS,-1.766195077725385,-106.5061577128177,-0.006584004109031056
M34_ptenblind,Base,PTEN,m34s5,16,CA1 SLM,AS,-7.431888824228732,-113.0836455159168,-0.009902239657027617
M34_ptenblind,Base,PTEN,m34s5,18,CA1 SLM,AS,-10.82214979869324,-108.9090054460581,-0.003903058100405489
M34_ptenblind,Base,PTEN,m34s5,20,CA1 SLM,AS,-8.90118142832881,-94.8410983896849,-0.01488779225463873
M34_ptenblind,Base,PTEN,m34s5,22,DG OML1,AS,20.0998837990529,-72.1864819032028,-0.01953161615854484
M34_ptenblind,Base,PTEN,m34s5,24,DG OML1,AS,95.31310879056109,-71.7748111709025,-0.02917712718249475
M34_ptenblind,Base,PTEN,m34s5,26,DG MML1,AS,100.421173798154,-169.8973089827541,-0.03296500898274753
M34_ptenblind,Base,PTEN,m34s5,28,DG MML1,AS,63.64952145939898,-368.9698658543504,-0.03714436057947136
M34_ptenblind,Base,PTEN,m34s5,30,DG GCL1,AS,-184.5605562410086,-625.4860652432897,-0.02815586370127707
M34_ptenblind,Base,PTEN,m34s5,32,DG GCL1,AS,-194.0468790586038,-678.7794437645877,-0.04332074254492858
M34_ptenblind,Base,PTEN,m34s5,34,DG GCL1,AS,-126.5486695272539,-536.2042312305498,-0.04467009422977632
M34_ptenblind,Base,PTEN,m34s5,36,HIL,AS,-13.6589967381314,-270.1816163122407,-0.03133249923959266
M34_ptenblind,Base,PTEN,m34s5,38,HIL,AS,157.4812398847106,1.597234322322349,-0.01912144873883699
M34_ptenblind,Base,PTEN,m34s5,40,HIL,AS,100.6839683903453,108.4968281979383,-0.01830603182158449
M34_ptenblind,Base,PTEN,m34s5,42,HIL,AS,36.98320705872362,110.9788823424533,-0.018093291000283
M34_ptenblind,Base,PTEN,m34s5,44,HIL,AS,130.6645620204603,73.14664595354643,-0.01772582333572078
M34_ptenblind,Base,PTEN,m34s5,46,HIL,AS,82.11101717351339,-101.9035117754798,-0.01387037717750601
M34_ptenblind,Base,PTEN,m34s5,48,HIL,AS,38.7152552299792,-364.9787744545837,-0.0174156554604305
M34_ptenblind,Base,PTEN,m34s5,50,DG GCL2,AS,-64.40871450907126,-675.4662604747472,-0.03925808777275531
M34_ptenblind,Base,PTEN,m34s5,52,DG GCL2,AS,-201.6518829423753,-931.1739339868063,-0.04049913107955393
M34_ptenblind,Base,PTEN,m34s5,54,DG GCL2,AS,-340.2754059228142,-975.1407734091351,-0.06232871027733537
M34_ptenblind,Base,PTEN,m34s5,56,DG GCL2,AS,-72.9142601227821,-661.8013500672653,-0.04925656249551634
M34_ptenblind,Base,PTEN,m34s5,58,DG GCL2,AS,46.76139812030447,-258.3435185222705,-0.03374705338065587
M34_ptenblind,Base,PTEN,m34s5,60,DG MML2,AS,235.3858655066135,104.7836873541235,-0.0485090533650132
M34_ptenblind,Base,PTEN,m34s5,62,DG MML2,AS,111.4906642747962,225.7603055708636,-0.05290286564113428
M34_ptenblind,Base,PTEN,m34s5,64,DG MML2,AS,111.4906642747962,226.5761126126491,
M34_ptenblind,Base,PTEN,m34s5,2,CA1,GZ,,-65.27960105020492,-0.002155839546707547
M34_ptenblind,Base,PTEN,m34s5,4,CA1 SP,GZ,-2.106205109627016,-67.17669377561475,-0.004641394801332675
M34_ptenblind,Base,PTEN,m34s5,6,CA1 SP,GZ,4.337433845766133,-67.64696465163935,-0.005500169760228948
M34_ptenblind,Base,PTEN,m34s5,8,CA1 SP,GZ,-0.1580022996471735,-72.52902671939037,-0.01425681123933823
M34_ptenblind,Base,PTEN,m34s5,10,CA1,GZ,5.70727932837702,-76.6481493340164,-0.01214696440618574
M34_ptenblind,Base,PTEN,m34s5,12,CA1,GZ,-11.59323415448588,-89.56533963563011,-0.004801297787589929
M34_ptenblind,Base,PTEN,m34s5,14,CA1,GZ,-1.467304845010082,-86.52483830686475,-0.006584004109031056
M34_ptenblind,Base,PTEN,m34s5,16,CA1 SLM,GZ,-13.10237761466734,-84.19724761462602,-0.009902239657027617
M34_ptenblind,Base,PTEN,m34s5,18,CA1 SLM,GZ,-5.160916236139106,-68.3626268730789,-0.003903058100405489
M34_ptenblind,Base,PTEN,m34s5,20,CA1 SLM,GZ,-1.491915795110897,-44.07863929623463,-0.01488779225463873
M34_ptenblind,Base,PTEN,m34s5,22,DG OML1,GZ,53.32897555443549,-18.48114513960041,-0.01953161615854484
M34_ptenblind,Base,PTEN,m34s5,24,DG OML1,GZ,156.6240864415323,-43.26091828893443,-0.02917712718249475
M34_ptenblind,Base,PTEN,m34s5,26,DG MML1,GZ,110.2865895917338,-219.4078789382685,-0.03296500898274753
M34_ptenblind,Base,PTEN,m34s5,28,DG MML1,GZ,73.11667165448584,-511.9518842853483,-0.03714436057947136
M34_ptenblind,Base,PTEN,m34s5,30,DG GCL1,GZ,-274.4839575982863,-867.3243288133965,-0.02815586370127707
M34_ptenblind,Base,PTEN,m34s5,32,DG GCL1,GZ,-253.966792937248,-950.2510946305075,-0.04332074254492858
M34_ptenblind,Base,PTEN,m34s5,34,DG GCL1,GZ,-114.8130355342742,-778.4899101882685,-0.04467009422977632
M34_ptenblind,Base,PTEN,m34s5,36,HIL,GZ,54.69931325604841,-493.9762803374744,-0.03133249923959266
M34_ptenblind,Base,PTEN,m34s5,38,HIL,GZ,111.4413353704637,-263.4019695344519,-0.01912144873883699
M34_ptenblind,Base,PTEN,m34s5,40,HIL,GZ,114.4822643649194,-156.0321245037141,-0.01830603182158449
M34_ptenblind,Base,PTEN,m34s5,42,HIL,GZ,37.6670591292843,-163.4966740842726,-0.018093291000283
M34_ptenblind,Base,PTEN,m34s5,44,HIL,GZ,67.64713410408267,-215.4788658267161,-0.01772582333572078
M34_ptenblind,Base,PTEN,m34s5,46,HIL,GZ,65.2958039314516,-353.3677898469518,-0.01387037717750601
M34_ptenblind,Base,PTEN,m34s5,48,HIL,GZ,71.96487918976818,-550.8452868852459,-0.0174156554604305
M34_ptenblind,Base,PTEN,m34s5,50,DG GCL2,GZ,-7.742604901713718,-826.4035084208504,-0.03925808777275531
M34_ptenblind,Base,PTEN,m34s5,52,DG GCL2,GZ,-221.009285219254,-1094.484172883581,-0.04049913107955393
M34_ptenblind,Base,PTEN,m34s5,54,DG GCL2,GZ,-490.4347081338207,-1124.919203461193,-0.06232871027733537
M34_ptenblind,Base,PTEN,m34s5,56,DG GCL2,GZ,-93.86468702746977,-659.943377385374,-0.04925656249551634
M34_ptenblind,Base,PTEN,m34s5,58,DG GCL2,GZ,44.69643869707664,-93.88232621990264,-0.03374705338065587
M34_ptenblind,Base,PTEN,m34s5,60,DG MML2,GZ,326.4297977570565,426.8433617763832,-0.0485090533650132
M34_ptenblind,Base,PTEN,m34s5,62,DG MML2,GZ,203.7737446446573,618.3819379962858,-0.05290286564113428
M34_ptenblind,Base,PTEN,m34s5,64,DG MML2,GZ,,607.0609170882428,
M34_ptenblind,CNO,PTEN,m34s8,2,CA1 SP,AS,3.156512159041614,-84.73295111167194,-0.001761482039450913
M34_ptenblind,CNO,PTEN,m34s8,4,CA1 SP,AS,3.156512159041614,-82.37309390861184,-0.004902240260506081
M34_ptenblind,CNO,PTEN,m34s8,6,CA1,AS,9.58641088483628,-83.22686250208388,-0.002802104901727743
M34_ptenblind,CNO,PTEN,m34s8,8,CA1,AS,-5.517816735219897,-93.47094596315571,-0.008388580865589482
M34_ptenblind,CNO,PTEN,m34s8,10,CA1,AS,10.05260396447983,-99.73338092652462,-0.008410443598622799
M34_ptenblind,CNO,PTEN,m34s8,12,CA1,AS,1.158106967311381,-117.6328902139986,-0.005230052004166146
M34_ptenblind,CNO,PTEN,m34s8,14,CA1 SLM,AS,-9.209696637656425,-138.2249833283935,-0.004489002156202656
M34_ptenblind,CNO,PTEN,m34s8,16,CA1 SLM,AS,-19.3387339225772,-147.6971909500964,-0.009235172956630296
M34_ptenblind,CNO,PTEN,m34s8,18,CA1 SLM,AS,-31.67360004038981,-134.1709935177553,-0.00983084762231661
M34_ptenblind,CNO,PTEN,m34s8,20,DG OML1,AS,-0.1579844955985115,-83.94408890249889,-0.005105904128967469
M34_ptenblind,CNO,PTEN,m34s8,22,DG OML1,AS,9.572361871888713,-34.84202929340174,-0.01518246215824379
M34_ptenblind,CNO,PTEN,m34s8,24,DG OML1,AS,31.71166617547155,2.411738894857735,-0.02443938491113573
M34_ptenblind,CNO,PTEN,m34s8,26,DG MML1,AS,84.87895147444159,3.399553281990963,-0.02082252526111015
M34_ptenblind,CNO,PTEN,m34s8,28,DG MML1,AS,120.1336449151671,-91.35291388420643,-0.02583645560973121
M34_ptenblind,CNO,PTEN,m34s8,30,DG MML1,AS,70.91858110856428,-314.2454535140045,-0.0300070653260703
M34_ptenblind,CNO,PTEN,m34s8,32,DG GCL1,AS,-126.0138258343419,-598.7037066248794,-0.01761243632350728
M34_ptenblind,CNO,PTEN,m34s8,34,DG GCL1,AS,-143.6289131184063,-721.8731222734974,-0.03144370969757255
M34_ptenblind,CNO,PTEN,m34s8,36,DG GCL1,AS,-212.8106682763119,-679.6326877523895,-0.03425224122778646
M34_ptenblind,CNO,PTEN,m34s8,38,HIL,AS,24.56426428842598,-398.8336134607011,-0.02158462043090029
M34_ptenblind,CNO,PTEN,m34s8,40,HIL,AS,134.4115564236903,-149.174570966629,-0.01110469286171918
M34_ptenblind,CNO,PTEN,m34s8,42,HIL,AS,44.18912977470201,-73.61518213151109,-0.01167350008857517
M34_ptenblind,CNO,PTEN,m34s8,44,HIL,AS,16.21329684217437,-63.62600275660385,-0.008479122836199055
M34_ptenblind,CNO,PTEN,m34s8,46,HIL,AS,124.2991772541216,-84.24533918614775,-0.009260398132112034
M34_ptenblind,CNO,PTEN,m34s8,48,HIL,AS,66.32826682813074,-266.5478356434313,-0.009923379601894922
M34_ptenblind,CNO,PTEN,m34s8,50,HIL,AS,-16.95545267614517,-534.0138035691131,-0.01506011039003
M34_ptenblind,CNO,PTEN,m34s8,52,DG GCL2,AS,-130.8028667479221,-789.8131202648007,-0.03192238931348878
M34_ptenblind,CNO,PTEN,m34s8,54,DG GCL2,AS,-109.6313721862727,-912.6131230723454,-0.03083033807764243
M34_ptenblind,CNO,PTEN,m34s8,56,DG GCL2,AS,-182.8212772880891,-907.528391658871,-0.03514456267894977
M34_ptenblind,CNO,PTEN,m34s8,58,DG GCL2,AS,-149.8619918628117,-682.5275884694996,-0.03689782279683093
M34_ptenblind,CNO,PTEN,m34s8,60,DG MML2,AS,131.1291383486138,-270.124741821651,-0.02121497456431325
M34_ptenblind,CNO,PTEN,m34s8,62,DG MML2,AS,182.9027281131543,14.15111132465171,-0.05422550902382083
M34_ptenblind,CNO,PTEN,m34s8,64,DG MML2,AS,182.9027281131543,111.0438610861552,
M34_ptenblind,CNO,PTEN,m34s8,2,CA1 SP,GZ,,-117.2618999972556,-0.001761482039450913
M34_ptenblind,CNO,PTEN,m34s8,4,CA1 SP,GZ,1.085553850446427,-114.5410470716847,-0.004902240260506081
M34_ptenblind,CNO,PTEN,m34s8,6,CA1,GZ,5.574169246831798,-114.2614574566379,-0.002802104901727743
M34_ptenblind,CNO,PTEN,m34s8,8,CA1,GZ,-3.374794111823156,-119.1682123188671,-0.008388580865589482
M34_ptenblind,CNO,PTEN,m34s8,10,CA1,GZ,12.43007677491361,-122.7156127643808,-0.008410443598622799
M34_ptenblind,CNO,PTEN,m34s8,12,CA1,GZ,-1.480454124063936,-135.7268215063306,-0.005230052004166146
M34_ptenblind,CNO,PTEN,m34s8,14,CA1 SLM,GZ,-7.183303481422818,-148.0439876225849,-0.004489002156202656
M34_ptenblind,CNO,PTEN,m34s8,16,CA1 SLM,GZ,-20.60063094038017,-149.628042895565,-0.009235172956630296
M34_ptenblind,CNO,PTEN,m34s8,18,CA1 SLM,GZ,-36.65822112615206,-130.5194649260832,-0.00983084762231661
M34_ptenblind,CNO,PTEN,m34s8,20,DG OML1,GZ,-1.931889265913,-71.16413339798012,-0.005105904128967469
M34_ptenblind,CNO,PTEN,m34s8,22,DG OML1,GZ,30.19257294966877,-6.680347880379111,-0.01518246215824379
M34_ptenblind,CNO,PTEN,m34s8,24,DG OML1,GZ,90.33470329601099,30.69417984759223,-0.02443938491113573
M34_ptenblind,CNO,PTEN,m34s8,26,DG MML1,GZ,126.0833037064371,-16.59827489205214,-0.02082252526111015
M34_ptenblind,CNO,PTEN,m34s8,28,DG MML1,GZ,175.7947508640553,-204.5225907265442,-0.02583645560973121
M34_ptenblind,CNO,PTEN,m34s8,30,DG MML1,GZ,94.14025935159854,-579.4065953417742,-0.0300070653260703
M34_ptenblind,CNO,PTEN,m34s8,32,DG GCL1,GZ,-283.4662512150779,-1050.82834855734,-0.01761243632350728
M34_ptenblind,CNO,PTEN,m34s8,34,DG GCL1,GZ,-248.9588864937355,-1217.532584482948,-0.03144370969757255
M34_ptenblind,CNO,PTEN,m34s8,36,DG GCL1,GZ,-157.1184149535571,-1135.619473959858,-0.03425224122778646
M34_ptenblind,CNO,PTEN,m34s8,38,HIL,GZ,89.6107194610455,-860.9726345231992,-0.02158462043090029
M34_ptenblind,CNO,PTEN,m34s8,40,HIL,GZ,159.1401693458381,-647.3569490312134,-0.01110469286171918
M34_ptenblind,CNO,PTEN,m34s8,42,HIL,GZ,38.79431096090155,-606.4680398766834,-0.01167350008857517
M34_ptenblind,CNO,PTEN,m34s8,44,HIL,GZ,14.44761214717735,-629.3015491208655,-0.008479122836199055
M34_ptenblind,CNO,PTEN,m34s8,46,HIL,GZ,8.22793283770151,-714.226894691342,-0.009260398132112034
M34_ptenblind,CNO,PTEN,m34s8,48,HIL,GZ,-11.01543936311929,-869.106891283665,-0.009923379601894922
M34_ptenblind,CNO,PTEN,m34s8,50,HIL,GZ,-20.47912316388232,-1082.584068423412,-0.01506011039003
M34_ptenblind,CNO,PTEN,m34s8,52,DG GCL2,GZ,-74.78339551231265,-1290.51769533537,-0.03192238931348878
M34_ptenblind,CNO,PTEN,m34s8,54,DG GCL2,GZ,-155.3400980162731,-1386.631342510429,-0.03083033807764243
M34_ptenblind,CNO,PTEN,m34s8,56,DG GCL2,GZ,-363.5757375972061,-1294.536152824026,-0.03514456267894977
M34_ptenblind,CNO,PTEN,m34s8,58,DG GCL2,GZ,-234.7483832715293,-779.9739792977896,-0.03689782279683093
M34_ptenblind,CNO,PTEN,m34s8,60,DG MML2,GZ,282.1267123595911,50.26159353501895,-0.02121497456431325
M34_ptenblind,CNO,PTEN,m34s8,62,DG MML2,GZ,339.6302675871256,605.2890036089359,-0.05422550902382083
M34_ptenblind,CNO,PTEN,m34s8,64,DG MML2,GZ,,785.686483986205,
M3_pten,Base,PTEN,m3s2,2,CA1,AS,-4.125152069921946,-290.0443809161048,-0.005133323572545086
M3_pten,Base,PTEN,m3s2,4,CA1 SP,AS,-4.125152069921946,-294.3671135486904,-0.005734652142995264
M3_pten,Base,PTEN,m3s2,6,CA1 SP,AS,-0.3596547314578141,-293.1304781988222,-0.008084541303852598
M3_pten,Base,PTEN,m3s2,8,CA1 SP,AS,0.9631024103224558,-291.0452446637179,-0.005584424983374748
M3_pten,Base,PTEN,m3s2,10,CA1,AS,-6.735458675580526,-289.6035740124602,-0.01050763328990639
M3_pten,Base,PTEN,m3s2,12,CA1,AS,-15.4131508183962,-278.035535492208,-0.01479329438910906
M3_pten,Base,PTEN,m3s2,14,CA1,AS,24.07234509416422,-243.2132060462148,-0.0126034588324022
M3_pten,Base,PTEN,m3s2,16,CA1 SLM,AS,-26.39577511270998,-229.3306550004715,-0.007217956776634077
M3_pten,Base,PTEN,m3s2,18,CA1 SLM,AS,-13.63009692513369,-187.8084681340767,-0.01504952724192215
M3_pten,Base,PTEN,m3s2,20,CA1 SLM,AS,-21.58722370842174,-129.1183650111397,-0.01206759201393777
M3_pten,Base,PTEN,m3s2,22,DG OML1,AS,-3.505526739784342,-48.47162995685589,-0.007976028113244129
M3_pten,Base,PTEN,m3s2,24,DG OML1,AS,18.91322824406752,38.34450231413269,-0.006656595285978789
M3_pten,Base,PTEN,m3s2,26,DG MML1,AS,-8.358460253156967,96.81116289033014,-0.009342992635055673
M3_pten,Base,PTEN,m3s2,28,DG MML1,AS,21.00316792470138,159.867616564946,-0.005865958011040284
M3_pten,Base,PTEN,m3s2,30,DG MML1,AS,36.43181523010639,197.1462254072757,-0.007399569693439443
M3_pten,Base,PTEN,m3s2,32,DG GCL1,AS,-30.02846670605307,192.1370717454793,-0.006793958045170747
M3_pten,Base,PTEN,m3s2,34,DG GCL1,AS,-11.07428346060509,213.3825209310757,-0.007250414032036147
M3_pten,Base,PTEN,m3s2,36,HIL,AS,54.00934421137529,244.7604507106692,-0.01120506565820512
M3_pten,Base,PTEN,m3s2,38,HIL,AS,43.52028728556952,212.390739933044,-0.02517783015867705
M3_pten,Base,PTEN,m3s2,40,HIL,AS,80.86750214112635,135.5737134313996,-0.02696835931464389
M3_pten,Base,PTEN,m3s2,42,HIL,AS,-0.3930956395496553,-30.64706198722181,-0.02923663855943174
M3_pten,Base,PTEN,m3s2,44,DG GCL2,AS,-120.5537712205374,-191.4381489849054,-0.05193953362863468
M3_pten,Base,PTEN,m3s2,46,DG GCL2,AS,-75.5893092631073,-214.1111784725987,-0.05518352396445485
M3_pten,Base,PTEN,m3s2,48,DG MML2,AS,-15.92977133996817,-156.1362641750754,-0.03222681752808269
M3_pten,Base,PTEN,m3s2,50,DG MML2,AS,37.2319703766203,-82.3877910900368,-0.03563341919501363
M3_pten,Base,PTEN,m3s2,52,DG MML2,AS,21.76726393798317,-49.48644591295145,-0.02339214674717007
M3_pten,Base,PTEN,m3s2,54,DG OML2,AS,8.499844410729331,-43.34964989626557,-0.008338706471190315
M3_pten,Base,PTEN,m3s2,56,DG OML2,AS,4.05950486396696,-48.46921249499013,-0.004652203293805663
M3_pten,Base,PTEN,m3s2,58,DG,AS,-11.12758456427284,-58.06346247215085,-0.004656700142740789
M3_pten,Base,PTEN,m3s2,60,DG,AS,6.74318563270169,-53.59613108482061,-0.006347469125841642
M3_pten,Base,PTEN,m3s2,62,DG,AS,43.23000487713613,-58.5133521253772,-0.007452416501292884
M3_pten,Base,PTEN,m3s2,64,DG,AS,43.23000487713613,-106.0748767600964,
M3_pten,Base,PTEN,m3s2,2,CA1,GZ,,-392.7841527629006,-0.005133323572545086
M3_pten,Base,PTEN,m3s2,4,CA1 SP,GZ,-10.91518010561768,-405.4035579038983,-0.005734652142995264
M3_pten,Base,PTEN,m3s2,6,CA1 SP,GZ,17.16331862284641,-408.9401404299784,-0.008084541303852598
M3_pten,Base,PTEN,m3s2,8,CA1 SP,GZ,1.477193972232411,-423.2383307330476,-0.005584424983374748
M3_pten,Base,PTEN,m3s2,10,CA1,GZ,-6.256193009988976,-437.5250598890415,-0.01050763328990639
M3_pten,Base,PTEN,m3s2,12,CA1,GZ,-35.69402163329357,-437.7227646760897,-0.01479329438910906
M3_pten,Base,PTEN,m3s2,14,CA1,GZ,24.03353246425953,-394.1571708940714,-0.0126034588324022
M3_pten,Base,PTEN,m3s2,16,CA1 SLM,GZ,-37.99169993470489,-367.8007623300113,-0.007217956776634077
M3_pten,Base,PTEN,m3s2,18,CA1 SLM,GZ,-31.1467235039406,-308.5939774037119,-0.01504952724192215
M3_pten,Base,PTEN,m3s2,20,CA1 SLM,GZ,-27.07947314309933,-221.4368658165286,-0.01206759201393777
M3_pten,Base,PTEN,m3s2,22,DG OML1,GZ,-2.886998688370606,-112.2327369655831,-0.007976028113244129
M3_pten,Base,PTEN,m3s2,24,DG OML1,GZ,22.01561354472141,2.864331673225531,-0.006656595285978789
M3_pten,Base,PTEN,m3s2,26,DG MML1,GZ,-4.807189762417512,81.68605116547131,-0.009342992635055673
M3_pten,Base,PTEN,m3s2,28,DG MML1,GZ,24.25261466733872,162.0068614067157,-0.005865958011040284
M3_pten,Base,PTEN,m3s2,30,DG MML1,GZ,45.96376838572217,212.4095751880355,-0.007399569693439443
M3_pten,Base,PTEN,m3s2,32,DG GCL1,GZ,-47.48204027103191,210.5699246402291,-0.006793958045170747
M3_pten,Base,PTEN,m3s2,34,DG GCL1,GZ,27.4078279646261,242.8573403735097,-0.007250414032036147
M3_pten,Base,PTEN,m3s2,36,HIL,GZ,17.60470482610887,249.1975377817623,-0.01120506565820512
M3_pten,Base,PTEN,m3s2,38,HIL,GZ,6.222901106579939,231.0122448712278,-0.02517783015867705
M3_pten,Base,PTEN,m3s2,40,HIL,GZ,50.90278334631599,211.8779962713068,-0.02696835931464389
M3_pten,Base,PTEN,m3s2,42,HIL,GZ,13.51194857152677,142.377191080244,-0.02923663855943174
M3_pten,Base,PTEN,m3s2,44,DG GCL2,GZ,-75.94581223652858,61.03197259803469,-0.05193953362863468
M3_pten,Base,PTEN,m3s2,46,DG GCL2,GZ,-78.5643278328904,53.29706274450449,-0.05518352396445485
M3_pten,Base,PTEN,m3s2,48,DG MML2,GZ,9.541352123808663,126.7713384727785,-0.03222681752808269
M3_pten,Base,PTEN,m3s2,50,DG MML2,GZ,64.8056432998076,202.1582613403503,-0.03563341919501363
M3_pten,Base,PTEN,m3s2,52,DG MML2,GZ,23.41494742027126,215.5291902681399,-0.02339214674717007
M3_pten,Base,PTEN,m3s2,54,DG OML2,GZ,22.12059043369683,197.3754155120623,-0.008338706471190315
M3_pten,Base,PTEN,m3s2,56,DG OML2,GZ,-6.499438691348973,155.3547570673435,-0.004652203293805663
M3_pten,Base,PTEN,m3s2,58,DG,GZ,-22.1954972163673,117.1914568245855,-0.004656700142740789
M3_pten,Base,PTEN,m3s2,60,DG,GZ,13.79170795339993,107.09609644246,-0.006347469125841642
M3_pten,Base,PTEN,m3s2,62,DG,GZ,38.60760014777316,77.02354738147356,-0.007452416501292884
M3_pten,Base,PTEN,m3s2,64,DG,GZ,,8.16879613566506,
M3_pten,CNO,PTEN,m3s7,2,CA1 SP,AS,1.184917167019658,-202.078601631386,-0.003881841587836825
M3_pten,CNO,PTEN,m3s7,4,CA1 SP,AS,1.184917167019658,-204.0670139001448,-0.004215214138159461
M3_pten,CNO,PTEN,m3s7,6,CA1,AS,-1.373460124114186,-205.896928927051,-0.003890050119122602
M3_pten,CNO,PTEN,m3s7,8,CA1,AS,2.445920145826674,-206.3864131521222,-0.003365920126560597
M3_pten,CNO,PTEN,m3s7,10,CA1,AS,-6.279830737492008,-209.1773364224045,-0.004241612892383393
M3_pten,CNO,PTEN,m3s7,12,CA1,AS,8.30673907215739,-204.5270991028592,-0.003508718804501393
M3_pten,CNO,PTEN,m3s7,14,CA1,AS,-5.632535474278029,-211.370148929158,-0.003299283296690954
M3_pten,CNO,PTEN,m3s7,16,CA1 SLM,AS,5.355431702232525,-209.4044876626254,-0.002794502689679178
M3_pten,CNO,PTEN,m3s7,18,CA1 SLM,AS,-2.906389553528617,-216.8477587350343,-0.003020485715632045
M3_pten,CNO,PTEN,m3s7,20,CA1 SLM,AS,-3.243539847579657,-220.3035051232388,-0.003464131569339858
M3_pten,CNO,PTEN,m3s7,22,DG OML1,AS,3.041325119551892,-219.5175825148038,-0.003270077347643904
M3_pten,CNO,PTEN,m3s7,24,DG OML1,AS,-2.576367832713933,-221.1985607859505,-0.004751155855971637
M3_pten,CNO,PTEN,m3s7,26,DG MML1,AS,1.083842323869092,-220.319439266727,-0.004482931638137402
M3_pten,CNO,PTEN,m3s7,28,DG MML1,AS,-0.1690174307664688,-221.5871217339861,-0.004101793513548414
M3_pten,CNO,PTEN,m3s7,30,DG MML1,AS,-2.624472693714031,-221.9114395922481,-0.003162457549472713
M3_pten,CNO,PTEN,m3s7,32,DG GCL1,AS,1.749817570965206,-219.6444647275889,-0.006465536009655621
M3_pten,CNO,PTEN,m3s7,34,DG GCL1,AS,-0.5157678836650066,-218.9569328170926,-0.005090501330836075
M3_pten,CNO,PTEN,m3s7,36,HIL,AS,0.1115725778252885,-217.53695792677,-0.004527245638907708
M3_pten,CNO,PTEN,m3s7,38,HIL,AS,-2.688343669244203,-215.2396132177667,-0.003838010267334561
M3_pten,CNO,PTEN,m3s7,40,HIL,AS,0.6953741075234298,-208.9919938421184,-0.006029332160504735
M3_pten,CNO,PTEN,m3s7,42,HIL,AS,-0.3755769461317083,-201.1666198983727,-0.006835440878274695
M3_pten,CNO,PTEN,m3s7,44,HIL,AS,-9.092508171322198,-192.24723509898,-0.01068610892860204
M3_pten,CNO,PTEN,m3s7,46,HIL,AS,-5.846015429354496,-166.6098524755793,-0.01686258008725937
M3_pten,CNO,PTEN,m3s7,48,HIL,AS,9.070420000965742,-124.2382002074688,-0.01550109181619938
M3_pten,CNO,PTEN,m3s7,50,DG GCL2,AS,-30.47769453824322,-85.51434824245759,-0.011337199510962
M3_pten,CNO,PTEN,m3s7,52,DG GCL2,AS,0.4167353507299725,-22.76474146757217,-0.01518282428559497
M3_pten,CNO,PTEN,m3s7,54,DG GCL2,AS,-2.846616206774835,39.15291307378116,-0.008708519579110693
M3_pten,CNO,PTEN,m3s7,56,DG MML2,AS,27.46509184516193,104.5353679736126,-0.006493040009401953
M3_pten,CNO,PTEN,m3s7,58,DG MML2,AS,34.04944794663787,130.151730190504,-0.01169549442065774
M3_pten,CNO,PTEN,m3s7,60,DG MML2,AS,-16.55429017310049,112.9430451663533,-0.02612821855160668
M3_pten,CNO,PTEN,m3s7,62,DG OML2,AS,-11.90392379565621,108.8615406928057,-0.02249674007719793
M3_pten,CNO,PTEN,m3s7,64,DG OML2,AS,-11.90392379565621,117.7204390614195,
M3_pten,CNO,PTEN,m3s7,2,CA1 SP,GZ,,-291.3029571699966,-0.003881841587836825
M3_pten,CNO,PTEN,m3s7,4,CA1 SP,GZ,-4.308721070648517,-292.2940280268102,-0.004215214138159461
M3_pten,CNO,PTEN,m3s7,6,CA1,GZ,13.01689558131721,-293.9245505411117,-0.003890050119122602
M3_pten,CNO,PTEN,m3s7,8,CA1,GZ,-6.954562279485889,-302.1260245901639,-0.003365920126560597
M3_pten,CNO,PTEN,m3s7,10,CA1,GZ,19.04296875,-306.3489569992315,-0.004241612892383393
M3_pten,CNO,PTEN,m3s7,12,CA1,GZ,-24.71776162424397,-326.4411967960213,-0.003508718804501393
M3_pten,CNO,PTEN,m3s7,14,CA1,GZ,9.154781218497986,-322.9739496616718,-0.003299283296690954
M3_pten,CNO,PTEN,m3s7,16,CA1 SLM,GZ,-12.75733209425404,-332.2146889941939,-0.002794502689679178
M3_pten,CNO,PTEN,m3s7,18,CA1 SLM,GZ,9.78154008106519,-330.9810617582394,-0.003020485715632045
M3_pten,CNO,PTEN,m3s7,20,CA1 SLM,GZ,0.5194551201276911,-332.7711761974896,-0.003464131569339858
M3_pten,CNO,PTEN,m3s7,22,DG OML1,GZ,6.705007245463711,-334.8196060931098,-0.003270077347643904
M3_pten,CNO,PTEN,m3s7,24,DG OML1,GZ,0.3648983534946263,-343.2744760982326,-0.004751155855971637
M3_pten,CNO,PTEN,m3s7,26,DG MML1,GZ,-1.385596490675407,-351.0603774440744,-0.004482931638137402
M3_pten,CNO,PTEN,m3s7,28,DG MML1,GZ,6.641182848202282,-357.8913954437757,-0.004101793513548414
M3_pten,CNO,PTEN,m3s7,30,DG MML1,GZ,-1.918997815860217,-370.4650545380807,-0.003162457549472713
M3_pten,CNO,PTEN,m3s7,32,DG GCL1,GZ,-4.130373718918007,-381.8592008997182,-0.006465536009655621
M3_pten,CNO,PTEN,m3s7,34,DG GCL1,GZ,-2.289310578377016,-381.7232892812928,-0.005090501330836075
M3_pten,CNO,PTEN,m3s7,36,HIL,GZ,3.936439432123665,-383.6526505934086,-0.004527245638907708
M3_pten,CNO,PTEN,m3s7,38,HIL,GZ,-4.472137779317873,-388.2416271772541,-0.003838010267334561
M3_pten,CNO,PTEN,m3s7,40,HIL,GZ,5.424089329217072,-385.748190957992,-0.006029332160504735
M3_pten,CNO,PTEN,m3s7,42,HIL,GZ,2.665694041918675,-378.6461001536884,-0.006835440878274695
M3_pten,CNO,PTEN,m3s7,44,HIL,GZ,-7.643176663306432,-368.4101208963029,-0.01068610892860204
M3_pten,CNO,PTEN,m3s7,46,HIL,GZ,-21.4586155388945,-331.6018359908642,-0.01686258008725937
M3_pten,CNO,PTEN,m3s7,48,HIL,GZ,-31.61982054351476,-255.1091928951075,-0.01550109181619938
M3_pten,CNO,PTEN,m3s7,50,DG GCL2,GZ,-32.49301705309132,-146.1074912482925,-0.011337199510962
M3_pten,CNO,PTEN,m3s7,52,DG GCL2,GZ,-59.13092500420032,-28.95150940274918,-0.01518282428559497
M3_pten,CNO,PTEN,m3s7,54,DG GCL2,GZ,-0.7206086189516078,123.413336081583,-0.008708519579110693
M3_pten,CNO,PTEN,m3s7,56,DG MML2,GZ,19.46512858072917,273.1126462175547,-0.006493040009401953
M3_pten,CNO,PTEN,m3s7,58,DG MML2,GZ,26.50845435357861,373.6077814154287,-0.01169549442065774
M3_pten,CNO,PTEN,m3s7,60,DG MML2,GZ,92.70485498571901,466.9230309991889,-0.02612821855160668
M3_pten,CNO,PTEN,m3s7,62,DG OML2,GZ,-53.13093944262427,477.2503128468664,-0.02249674007719793
M3_pten,CNO,PTEN,m3s7,64,DG OML2,GZ,,511.3198535689891,
M5_Pten,Base,PTEN,m5s2,2,CA1,AS,13.30425916120525,-83.14989018737033,-0.002617757384304802
M5_Pten,Base,PTEN,m5s2,4,CA1 SP,AS,13.30425916120525,-86.07539893185944,-0.01090061357410265
M5_Pten,Base,PTEN,m5s2,6,CA1 SP,AS,2.050531489769816,-104.4048135211359,-0.008915039632636072
M5_Pten,Base,PTEN,m5s2,8,CA1,AS,0.07812812200288022,-126.2656564039808,-0.004236906606359732
M5_Pten,Base,PTEN,m5s2,10,CA1,AS,-10.90617070112692,-147.4573918892635,-0.004651332106387923
M5_Pten,Base,PTEN,m5s2,12,CA1,AS,0.8523848355578565,-154.8569548674144,-0.004302442810874951
M5_Pten,Base,PTEN,m5s2,14,CA1,AS,-18.03058126698371,-162.4843233353864,-0.007189846115476301
M5_Pten,Base,PTEN,m5s2,16,CA1,AS,-8.336450132872429,-148.0709091756354,-0.01358954057220866
M5_Pten,Base,PTEN,m5s2,18,CA1 SLM,AS,7.081561076366691,-124.0528154175311,-0.003065878405343591
M5_Pten,Base,PTEN,m5s2,20,CA1 SLM,AS,6.785751303748389,-105.3642811122277,-0.01979760196027814
M5_Pten,Base,PTEN,m5s2,22,CA1 SLM,AS,11.42934033328007,-94.75745996498962,-0.02180608433112358
M5_Pten,Base,PTEN,m5s2,24,DG OML1,AS,50.44703959199168,-89.0259802094139,-0.01801406437193148
M5_Pten,Base,PTEN,m5s2,26,DG OML1,AS,129.8040599774218,-137.1516943967194,-0.02580522780683018
M5_Pten,Base,PTEN,m5s2,28,DG MML1,AS,-54.93351382672633,-313.7699617884466,-0.02909329975782466
M5_Pten,Base,PTEN,m5s2,30,DG MML1,AS,-291.1202901464594,-426.1349246709673,-0.02648901658117549
M5_Pten,Base,PTEN,m5s2,32,DG MML1,AS,-381.9897741917757,-236.0747404612941,-0.040578311353364
M5_Pten,Base,PTEN,m5s2,34,DG GCL1,AS,276.5923619575208,410.4060889279694,-0.02758843897995034
M5_Pten,Base,PTEN,m5s2,36,DG GCL1,AS,227.1622367527176,741.692380786437,-0.02117503760220663
M5_Pten,Base,PTEN,m5s2,38,HIL,AS,-19.20523484954444,785.9671818270228,-0.01933673037607671
M5_Pten,Base,PTEN,m5s2,40,HIL,AS,1.342773437499997,853.9241300084285,-0.004432069488965654
M5_Pten,Base,PTEN,m5s2,42,HIL,AS,-35.01466716951723,919.0661165229511,-0.008346090144436021
M5_Pten,Base,PTEN,m5s2,44,HIL,AS,12.28289591991688,1025.119892294476,-0.005245744749785186
M5_Pten,Base,PTEN,m5s2,46,HIL,AS,70.01840732896409,1118.429350160464,-0.0107847504087819
M5_Pten,Base,PTEN,m5s2,48,HIL,AS,191.9497126508553,1135.138294014199,-0.01829214837663546
M5_Pten,Base,PTEN,m5s2,50,HIL,AS,-9.83469931365903,937.7343901954746,-0.0329363168133693
M5_Pten,Base,PTEN,m5s2,52,HIL,AS,1127.784202165922,671.4157167806666,-0.03299730679314458
M5_Pten,Base,PTEN,m5s2,54,DG GCL2,AS,-853.3961303398723,-805.6364573878371,-0.03539755652152478
M5_Pten,Base,PTEN,m5s2,56,DG GCL2,AS,-356.331281344909,-1412.398595532936,-0.05652698060389463
M5_Pten,Base,PTEN,m5s2,58,DG MML2,AS,-379.775415601023,-1638.76823963466,-0.08012233112015135
M5_Pten,Base,PTEN,m5s2,60,DG MML2,AS,-183.4612990279333,-1435.973741206886,-0.08319255888802542
M5_Pten,Base,PTEN,m5s2,62,DG MML2,AS,157.3619793748,-1000.453458287409,-0.06151952801887249
M5_Pten,Base,PTEN,m5s2,64,DG OML2,AS,157.3619793748,-686.3899705815612,
M5_Pten,Base,PTEN,m5s2,2,CA1,GZ,,-183.4661765176742,-0.002617757384304802
M5_Pten,Base,PTEN,m5s2,4,CA1 SP,GZ,15.13081212197581,-195.3235063396516,-0.01090061357410265
M5_Pten,Base,PTEN,m5s2,6,CA1 SP,GZ,-0.9745936239919288,-226.1587674500512,-0.008915039632636072
M5_Pten,Base,PTEN,m5s2,8,CA1,GZ,-0.03937752016129951,-256.8754602651127,-0.004236906606359732
M5_Pten,Base,PTEN,m5s2,10,CA1,GZ,-11.16352696572582,-288.1319640112705,-0.004651332106387923
M5_Pten,Base,PTEN,m5s2,12,CA1,GZ,3.603043094758046,-305.6750688396517,-0.004302442810874951
M5_Pten,Base,PTEN,m5s2,14,CA1,GZ,-18.41095955141131,-323.7659892097848,-0.007189846115476301
M5_Pten,Base,PTEN,m5s2,16,CA1,GZ,11.2481886340726,-324.9171522797131,-0.01358954057220866
M5_Pten,Base,PTEN,m5s2,18,CA1 SLM,GZ,-0.7471884450604834,-330.8650782850922,-0.003065878405343591
M5_Pten,Base,PTEN,m5s2,20,CA1 SLM,GZ,10.81208259828629,-332.673119716957,-0.01979760196027814
M5_Pten,Base,PTEN,m5s2,22,CA1 SLM,GZ,37.35745337701614,-347.4951572105533,-0.02180608433112358
M5_Pten,Base,PTEN,m5s2,24,DG OML1,GZ,45.23492628528226,-382.1186003137807,-0.01801406437193148
M5_Pten,Base,PTEN,m5s2,26,DG OML1,GZ,137.2158911920363,-471.3049716636783,-0.02580522780683018
M5_Pten,Base,PTEN,m5s2,28,DG MML1,GZ,-183.7010537424393,-696.7248134925719,-0.02909329975782466
M5_Pten,Base,PTEN,m5s2,30,DG MML1,GZ,-237.7486690398183,-751.5083688204409,-0.02648901658117549
M5_Pten,Base,PTEN,m5s2,32,DG MML1,GZ,-90.63425371723802,-555.1297547387295,-0.040578311353364
M5_Pten,Base,PTEN,m5s2,34,DG GCL1,GZ,131.4470844884072,-190.5757716444672,-0.02758843897995034
M5_Pten,Base,PTEN,m5s2,36,DG GCL1,GZ,151.2992612777217,10.8827684746413,-0.02117503760220663
M5_Pten,Base,PTEN,m5s2,38,HIL,GZ,38.11054845010084,14.51986344134222,-0.01933673037607671
M5_Pten,Base,PTEN,m5s2,40,HIL,GZ,44.7210496471774,-5.59272140753117,-0.004432069488965654
M5_Pten,Base,PTEN,m5s2,42,HIL,GZ,23.71904926915322,-62.9187411949284,-0.008346090144436021
M5_Pten,Base,PTEN,m5s2,44,HIL,GZ,3.9279076360887,-135.6006059490267,-0.005245744749785186
M5_Pten,Base,PTEN,m5s2,46,HIL,GZ,-78.7727602066532,-253.1087906634222,-0.0107847504087819
M5_Pten,Base,PTEN,m5s2,48,HIL,GZ,-65.75258316532268,-384.8776895491798,-0.01829214837663546
M5_Pten,Base,PTEN,m5s2,50,HIL,GZ,-49.06832787298367,-793.1378474001017,-0.0329363168133693
M5_Pten,Base,PTEN,m5s2,52,HIL,GZ,-8.542952998991893,-1163.968445824794,-0.03299730679314458
M5_Pten,Base,PTEN,m5s2,54,DG GCL2,GZ,32.432310042843,-1446.592737416752,-0.03539755652152478
M5_Pten,Base,PTEN,m5s2,56,DG GCL2,GZ,-115.2107484879031,-1485.002361360143,-0.05652698060389463
M5_Pten,Base,PTEN,m5s2,58,DG MML2,GZ,-441.8512159778223,-1263.070528624488,-0.08012233112015135
M5_Pten,Base,PTEN,m5s2,60,DG MML2,GZ,-366.060318485383,-517.1939036885246,-0.08319255888802542
M5_Pten,Base,PTEN,m5s2,62,DG MML2,GZ,315.402123235887,623.998423091701,-0.06151952801887249
M5_Pten,Base,PTEN,m5s2,64,DG OML2,GZ,,1352.870753554047,
M5_Pten,CNO,PTEN,m5s7,2,CA1 SP,AS,-2.514371917245157,-83.60468712373114,-0.003178540980764888
M5_Pten,CNO,PTEN,m5s7,4,CA1 SP,AS,-2.514371917245157,-107.1220176348547,-0.008927022084722026
M5_Pten,CNO,PTEN,m5s7,6,CA1,AS,0.6826315041131971,-127.8562427061722,-0.01026673727257999
M5_Pten,CNO,PTEN,m5s7,8,CA1,AS,-6.749446870290231,-156.6699558839193,-0.003139856721566098
M5_Pten,CNO,PTEN,m5s7,10,CA1,AS,-2.116115850212363,-161.515412842231,-0.004399759582741377
M5_Pten,CNO,PTEN,m5s7,12,CA1 SLM,AS,-2.041756431682729,-170.445142021247,-0.006312909620670268
M5_Pten,CNO,PTEN,m5s7,14,CA1 SLM,AS,1.358355576860499,-173.6421613348401,-0.006429218292701317
M5_Pten,CNO,PTEN,m5s7,16,DG OML1,AS,4.771345847272329,-177.3963118701837,-0.01083799705436127
M5_Pten,CNO,PTEN,m5s7,18,DG OML1,AS,-0.4101141029611578,-184.0809639488089,-0.009556377203743112
M5_Pten,CNO,PTEN,m5s7,20,DG MML1,AS,28.24574123127512,-189.0737627410437,-0.01471506070459883
M5_Pten,CNO,PTEN,m5s7,22,DG MML1,AS,30.12111720962161,-221.7919259786464,-0.0128239090456281
M5_Pten,CNO,PTEN,m5s7,24,DG GCL1,AS,-68.98506897663957,-282.686243696049,-0.01418813409687764
M5_Pten,CNO,PTEN,m5s7,26,DG GCL1,AS,-103.4962853071766,-265.5905207445724,-0.0149167156890158
M5_Pten,CNO,PTEN,m5s7,28,DG GCL1,AS,-131.3761501012598,-132.670793154569,-0.01359250133200404
M5_Pten,CNO,PTEN,m5s7,30,DG GCL1,AS,20.95214598449774,150.754656110491,-0.01473383138949666
M5_Pten,CNO,PTEN,m5s7,32,HIL,AS,134.075483963966,411.2192005820012,-0.006608548861281057
M5_Pten,CNO,PTEN,m5s7,34,HIL,AS,22.73118587406091,504.0166885385021,-0.02320804697749891
M5_Pten,CNO,PTEN,m5s7,36,HIL,AS,-3.221973869371126,570.3129703361184,-0.007797914595386471
M5_Pten,CNO,PTEN,m5s7,38,HIL,AS,0.3616450082920442,640.1276014652491,-0.007042410002167415
M5_Pten,CNO,PTEN,m5s7,40,HIL,AS,37.42163661278031,709.2233238378501,-0.007003701936354884
M5_Pten,CNO,PTEN,m5s7,42,HIL,AS,45.03283990226526,733.3407127864275,-0.008984921069145103
M5_Pten,CNO,PTEN,m5s7,44,HIL,AS,77.08210051386384,700.9293081920106,-0.01312310044786782
M5_Pten,CNO,PTEN,m5s7,46,HIL,AS,212.5634390984654,579.5027320739711,-0.01688699593638021
M5_Pten,CNO,PTEN,m5s7,48,HIL,AS,165.1988978973043,200.1529189348928,-0.01572149719623767
M5_Pten,CNO,PTEN,m5s7,50,DG GCL2,AS,-87.45788195118406,-402.9834161655538,-0.01689057578619089
M5_Pten,CNO,PTEN,m5s7,52,DG GCL2,AS,-267.3533352178337,-922.3846001390466,-0.02560371594388003
M5_Pten,CNO,PTEN,m5s7,54,DG GCL2,AS,-309.1724968583731,-1131.704786082451,-0.03834183473019035
M5_Pten,CNO,PTEN,m5s7,56,DG GCL2,AS,-214.1580689680763,-993.7508520319665,-0.05462283644800527
M5_Pten,CNO,PTEN,m5s7,58,DG GCL2,AS,31.90547565408637,-599.1493139170866,-0.05692787483908885
M5_Pten,CNO,PTEN,m5s7,60,DG MML2,AS,201.4660735961333,-222.4080210687426,-0.03417562646113485
M5_Pten,CNO,PTEN,m5s7,62,DG MML2,AS,155.6992062173884,-49.59851747161195,-0.04834376822369382
M5_Pten,CNO,PTEN,m5s7,64,DG MML2,AS,155.6992062173884,-29.70720708334874,
M5_Pten,CNO,PTEN,m5s7,2,CA1 SP,GZ,,-147.1695196433146,-0.003178540980764888
M5_Pten,CNO,PTEN,m5s7,4,CA1 SP,GZ,-4.537345077584962,-184.6060116341298,-0.008927022084722026
M5_Pten,CNO,PTEN,m5s7,6,CA1,GZ,-13.44306348106281,-219.1583780829186,-0.01026673727257999
M5_Pten,CNO,PTEN,m5s7,8,CA1,GZ,25.97861575640843,-239.0312176956784,-0.003139856721566098
M5_Pten,CNO,PTEN,m5s7,10,CA1,GZ,-11.63964337467596,-283.906315752159,-0.004399759582741377
M5_Pten,CNO,PTEN,m5s7,12,CA1 SLM,GZ,6.055559430803569,-313.0428126600922,-0.006312909620670268
M5_Pten,CNO,PTEN,m5s7,14,CA1 SLM,GZ,2.348306541618663,-344.4950362837565,-0.006429218292701317
M5_Pten,CNO,PTEN,m5s7,16,DG OML1,GZ,14.27568708147322,-380.1808770423193,-0.01083799705436127
M5_Pten,CNO,PTEN,m5s7,18,DG OML1,GZ,-4.393265543994817,-429.2749052025397,-0.009556377203743112
M5_Pten,CNO,PTEN,m5s7,20,DG MML1,GZ,28.49926926573301,-469.6445152407787,-0.01471506070459883
M5_Pten,CNO,PTEN,m5s7,22,DG MML1,GZ,25.14662500900057,-539.8629968004428,-0.0128239090456281
M5_Pten,CNO,PTEN,m5s7,24,DG GCL1,GZ,-76.60453550277221,-634.5632584368601,-0.01418813409687764
M5_Pten,CNO,PTEN,m5s7,26,DG GCL1,GZ,-69.19910061743948,-650.043925300973,-0.0149167156890158
M5_Pten,CNO,PTEN,m5s7,28,DG GCL1,GZ,-29.36163695726524,-587.4233558529711,-0.01359250133200404
M5_Pten,CNO,PTEN,m5s7,30,DG GCL1,GZ,22.16884068080356,-472.1954488642602,-0.01473383138949666
M5_Pten,CNO,PTEN,m5s7,32,HIL,GZ,64.48603335613485,-373.0675297542813,-0.006608548861281057
M5_Pten,CNO,PTEN,m5s7,34,HIL,GZ,24.58739390570995,-331.0455751084054,-0.02320804697749891
M5_Pten,CNO,PTEN,m5s7,36,HIL,GZ,45.71371474024338,-335.9618711806571,-0.007797914595386471
M5_Pten,CNO,PTEN,m5s7,38,HIL,GZ,29.7388173468102,-375.4667688588625,-0.007042410002167415
M5_Pten,CNO,PTEN,m5s7,40,HIL,GZ,-18.94086846558179,-445.0834037548483,-0.007003701936354884
M5_Pten,CNO,PTEN,m5s7,42,HIL,GZ,-38.34941530007925,-518.7250356205171,-0.008984921069145103
M5_Pten,CNO,PTEN,m5s7,44,HIL,GZ,-46.50731240549391,-589.234363278963,-0.01312310044786782
M5_Pten,CNO,PTEN,m5s7,46,HIL,GZ,-113.966067265805,-693.2176862444194,-0.01688699593638021
M5_Pten,CNO,PTEN,m5s7,48,HIL,GZ,-120.2810964276713,-876.1429440500584,-0.01572149719623767
M5_Pten,CNO,PTEN,m5s7,50,DG GCL2,GZ,37.23601591751872,-1019.001230423009,-0.01689057578619089
M5_Pten,CNO,PTEN,m5s7,52,DG GCL2,GZ,-35.88719521799401,-1040.150555291277,-0.02560371594388003
M5_Pten,CNO,PTEN,m5s7,54,DG GCL2,GZ,-269.3939208984374,-882.2464239401896,-0.03834183473019035
M5_Pten,CNO,PTEN,m5s7,56,DG GCL2,GZ,-186.230707827801,-378.3950626989715,-0.05462283644800527
M5_Pten,CNO,PTEN,m5s7,58,DG GCL2,GZ,92.96146515877012,356.9322715598468,-0.05692787483908885
M5_Pten,CNO,PTEN,m5s7,60,DG MML2,GZ,329.5674829439084,1030.05499024581,-0.03417562646113485
M5_Pten,CNO,PTEN,m5s7,62,DG MML2,GZ,296.8122772357431,1345.106066808768,-0.04834376822369382
M5_Pten,CNO,PTEN,m5s7,64,DG MML2,GZ,,1307.1110388155,
m28_ptenblind,Base,PTEN,m28s2,2,CA1,AS,-72.03280163542989,-53.37334470630186,-0.02323983860523732
m28_ptenblind,Base,PTEN,m28s2,4,CA1 SP,AS,-72.03280163542989,-100.6355443930725,-0.02392993815848112
m28_ptenblind,Base,PTEN,m28s2,6,CA1 SP,AS,11.86143528774876,-81.32532523380769,-0.02567156452857929
m28_ptenblind,Base,PTEN,m28s2,8,CA1 SP,AS,12.99843946686181,-72.917811603467,-0.02106265085531758
m28_ptenblind,Base,PTEN,m28s2,10,CA1,AS,-16.7449014571012,-78.8729180933529,-0.0223347143271603
m28_ptenblind,Base,PTEN,m28s2,12,CA1,AS,-8.742378800726295,-67.26338556693304,-0.02684243886440515
m28_ptenblind,Base,PTEN,m28s2,14,CA1 SLM,AS,8.774632992951759,-47.74033479176121,-0.01898495222033779
m28_ptenblind,Base,PTEN,m28s2,16,CA1 SLM,AS,21.30851843168059,-36.8996932793455,-0.01733803678469438
m28_ptenblind,Base,PTEN,m28s2,18,CA1 SLM,AS,-3.532829187105328,-46.49596788081885,-0.02260151235080682
m28_ptenblind,Base,PTEN,m28s2,20,DG OML1,AS,86.22212909981413,-54.42064530621922,-0.05864996473094074
m28_ptenblind,Base,PTEN,m28s2,22,DG OML1,AS,154.3280560037364,-154.5301888493582,-0.05961284277851488
m28_ptenblind,Base,PTEN,m28s2,24,DG OML1,AS,100.2191021619248,-419.6325278381095,-0.04963195924536016
m28_ptenblind,Base,PTEN,m28s2,26,DG MML1,AS,-77.51563381965818,-786.6425098719934,-0.03400299018650137
m28_ptenblind,Base,PTEN,m28s2,28,DG MML1,AS,-216.8822812912104,-1042.003647420416,-0.04339002391579895
m28_ptenblind,Base,PTEN,m28s2,30,DG GCL1,AS,-244.298783714509,-1042.360313700442,-0.05893993007337271
m28_ptenblind,Base,PTEN,m28s2,32,DG GCL1,AS,-82.94976275900126,-772.5277184450774,-0.04366053073722587
m28_ptenblind,Base,PTEN,m28s2,34,HIL,AS,129.6640479046366,-415.0020393593182,-0.02307507008258024
m28_ptenblind,Base,PTEN,m28s2,36,HIL,AS,112.6015509485892,-213.2046173222332,-0.01107817508689269
m28_ptenblind,Base,PTEN,m28s2,38,HIL,AS,125.7434074226242,-163.8242634500211,-0.01713296748480722
m28_ptenblind,Base,PTEN,m28s2,40,HIL,AS,108.1163742963004,-287.2052964333182,-0.02302832207379989
m28_ptenblind,Base,PTEN,m28s2,42,HIL,AS,-17.57794938733816,-558.2314962173399,-0.01619232824541593
m28_ptenblind,Base,PTEN,m28s2,44,HIL,AS,-12.38859522982931,-812.9180971517602,-0.03253129293438743
m28_ptenblind,Base,PTEN,m28s2,46,DG GCL2,AS,-340.7496186473485,-1083.097481628671,-0.0484317567467358
m28_ptenblind,Base,PTEN,m28s2,48,DG GCL2,AS,-262.0733022080054,-948.311675138988,-0.06525704465792286
m28_ptenblind,Base,PTEN,m28s2,50,DG GCL2,AS,106.3509109379994,-501.5237895284945,-0.05361866479762385
m28_ptenblind,Base,PTEN,m28s2,52,DG MML2,AS,115.547277738371,-131.3401851416623,-0.05878704176539772
m28_ptenblind,Base,PTEN,m28s2,54,DG MML2,AS,192.9106846489869,106.164797707712,-0.0531046349180057
m28_ptenblind,Base,PTEN,m28s2,56,DG OML2,AS,-14.36371083759587,136.8779384248979,-0.02352640841352766
m28_ptenblind,Base,PTEN,m28s2,58,DG,AS,39.43452566785886,176.4390241061009,-0.00827080528061039
m28_ptenblind,Base,PTEN,m28s2,60,DG,AS,-17.74516191019125,174.7316700788949,-0.006349607140822086
m28_ptenblind,Base,PTEN,m28s2,62,DG,AS,25.34491692662544,187.5237429290392,-0.006000981154599137
m28_ptenblind,Base,PTEN,m28s2,64,DG,AS,25.34491692662544,172.3446034791559,
m28_ptenblind,Base,PTEN,m28s2,2,CA1,GZ,,-29.07362140592982,-0.02323983860523732
m28_ptenblind,Base,PTEN,m28s2,4,CA1 SP,GZ,-48.52147256174402,-66.5019926477651,-0.02392993815848112
m28_ptenblind,Base,PTEN,m28s2,6,CA1 SP,GZ,1.434572281376012,-56.20399850313781,-0.02567156452857929
m28_ptenblind,Base,PTEN,m28s2,8,CA1 SP,GZ,9.474600515057972,-46.09211155625641,-0.02106265085531758
m28_ptenblind,Base,PTEN,m28s2,10,CA1,GZ,-12.466307609312,-50.01049354428152,-0.0223347143271603
m28_ptenblind,Base,PTEN,m28s2,12,CA1,GZ,-9.51742356823337,-37.08017067831071,-0.02684243886440515
m28_ptenblind,Base,PTEN,m28s2,14,CA1 SLM,GZ,7.744696832472287,-14.6300519099001,-0.01898495222033779
m28_ptenblind,Base,PTEN,m28s2,16,CA1 SLM,GZ,22.49945363690776,1.143095923251795,-0.01733803678469438
m28_ptenblind,Base,PTEN,m28s2,18,CA1 SLM,GZ,33.2757273027974,-4.451564100922139,-0.02260151235080682
m28_ptenblind,Base,PTEN,m28s2,20,DG OML1,GZ,210.4402357532131,-37.83979572233606,-0.05864996473094074
m28_ptenblind,Base,PTEN,m28s2,22,DG OML1,GZ,296.7190896311115,-272.4352351954726,-0.05961284277851488
m28_ptenblind,Base,PTEN,m28s2,24,DG OML1,GZ,136.4597197501889,-800.4519353147411,-0.04963195924536016
m28_ptenblind,Base,PTEN,m28s2,26,DG MML1,GZ,-275.2732307680191,-1466.120985687756,-0.03400299018650137
m28_ptenblind,Base,PTEN,m28s2,28,DG MML1,GZ,-499.150676112021,-1866.976753610079,-0.04339002391579895
m28_ptenblind,Base,PTEN,m28s2,30,DG GCL1,GZ,-342.1067268617692,-1788.116830294249,-0.05893993007337271
m28_ptenblind,Base,PTEN,m28s2,32,DG GCL1,GZ,-30.01157699092738,-1372.057305007685,-0.04366053073722587
m28_ptenblind,Base,PTEN,m28s2,34,HIL,GZ,215.2559834141884,-919.4734917312373,-0.02307507008258024
m28_ptenblind,Base,PTEN,m28s2,36,HIL,GZ,160.5491638183595,-672.4336342733415,-0.01107817508689269
m28_ptenblind,Base,PTEN,m28s2,38,HIL,GZ,237.3168699203,-573.1677696353099,-0.01713296748480722
m28_ptenblind,Base,PTEN,m28s2,40,HIL,GZ,144.1638085149949,-720.8321993468238,-0.02302832207379989
m28_ptenblind,Base,PTEN,m28s2,42,HIL,GZ,-34.34704196068547,-1021.766412453573,-0.01619232824541593
m28_ptenblind,Base,PTEN,m28s2,44,HIL,GZ,73.87272004158264,-1297.630372594615,-0.03253129293438743
m28_ptenblind,Base,PTEN,m28s2,46,DG GCL2,GZ,-524.8411855389993,-1638.414789418705,-0.0484317567467358
m28_ptenblind,Base,PTEN,m28s2,48,DG GCL2,GZ,-537.2174170709425,-1448.919014852555,-0.06525704465792286
m28_ptenblind,Base,PTEN,m28s2,50,DG GCL2,GZ,87.58495699974797,-716.6400971959849,-0.05361866479762385
m28_ptenblind,Base,PTEN,m28s2,52,DG MML2,GZ,253.6741687405495,-81.361864433914,-0.05878704176539772
m28_ptenblind,Base,PTEN,m28s2,54,DG MML2,GZ,311.4059202132686,305.1054907626793,-0.0531046349180057
m28_ptenblind,Base,PTEN,m28s2,56,DG OML2,GZ,18.69632351783013,377.0094699546938,-0.02352640841352766
m28_ptenblind,Base,PTEN,m28s2,58,DG,GZ,57.88089383033017,428.489122234407,-0.00827080528061039
m28_ptenblind,Base,PTEN,m28s2,60,DG,GZ,-1.058393909085149,425.9605407714844,-0.006349607140822086
m28_ptenblind,Base,PTEN,m28s2,62,DG,GZ,28.39426840505292,424.6167042216317,-0.006000981154599137
m28_ptenblind,Base,PTEN,m28s2,64,DG,GZ,,390.5253175829278,
m28_ptenblind,CNO,PTEN,m28s7,2,CA1 SP,AS,-49.58180576334217,-255.8583144825029,-0.008461375618415617
m28_ptenblind,CNO,PTEN,m28s7,4,CA1 SP,AS,-49.58180576334217,-344.1060727068003,-0.007228506465682126
m28_ptenblind,CNO,PTEN,m28s7,6,CA1,AS,-1.950617641439226,-385.5858957124449,-0.009711585349369611
m28_ptenblind,CNO,PTEN,m28s7,8,CA1,AS,26.06320686047644,-417.576445583486,-0.005533450719228613
m28_ptenblind,CNO,PTEN,m28s7,10,CA1,AS,-39.95458305339375,-484.0086545192354,-0.00725958534983231
m28_ptenblind,CNO,PTEN,m28s7,12,CA1 SLM,AS,-35.08768301180864,-506.2580029499481,-0.01315388598339485
m28_ptenblind,CNO,PTEN,m28s7,14,CA1 SLM,AS,-22.05039899977272,-493.5598650413925,-0.009864037114034227
m28_ptenblind,CNO,PTEN,m28s7,16,CA1 SLM,AS,18.79497928082791,-459.2288321973872,-0.004348594133502827
m28_ptenblind,CNO,PTEN,m28s7,18,DG OML1,AS,32.04928639599736,-447.3071830401282,-0.01598879690323127
m28_ptenblind,CNO,PTEN,m28s7,20,DG OML1,AS,79.29105344025979,-471.8665680944673,-0.03359396572658931
m28_ptenblind,CNO,PTEN,m28s7,22,DG MML1,AS,261.9753054645667,-586.8163366040748,-0.0469160406181832
m28_ptenblind,CNO,PTEN,m28s7,24,DG MML1,AS,68.80059693475509,-956.3984297123194,-0.04916336407591424
m28_ptenblind,CNO,PTEN,m28s7,26,DG GCL1,AS,-634.7990987245995,-1331.456948118091,-0.02755474006122213
m28_ptenblind,CNO,PTEN,m28s7,28,DG GCL1,AS,-658.4556169826966,-976.431874318736,-0.06148052441887523
m28_ptenblind,CNO,PTEN,m28s7,30,HIL,AS,64.25602417772694,66.56862789169881,-0.04785551724779291
m28_ptenblind,CNO,PTEN,m28s7,32,HIL,AS,636.225507692303,1015.489467446735,-0.02027957055216902
m28_ptenblind,CNO,PTEN,m28s7,34,HIL,AS,8.630840369807716,1342.590561546231,-0.01330600109579646
m28_ptenblind,CNO,PTEN,m28s7,36,HIL,AS,98.70872595121186,1559.16778279538,-0.01401090367041987
m28_ptenblind,CNO,PTEN,m28s7,38,HIL,AS,397.5100846546691,1625.430522617957,-0.01432710347327682
m28_ptenblind,CNO,PTEN,m28s7,40,HIL,AS,-217.0499816270129,1272.150538274361,-0.01669668858666839
m28_ptenblind,CNO,PTEN,m28s7,42,HIL,AS,317.0119039237958,1034.504166282559,-0.01334109282909535
m28_ptenblind,CNO,PTEN,m28s7,44,HIL,AS,763.34058659156,475.9038790627634,-0.01993759966524375
m28_ptenblind,CNO,PTEN,m28s7,46,DG GCL2,AS,-848.2997533305529,-929.9169833234731,-0.04994595050987246
m28_ptenblind,CNO,PTEN,m28s7,48,DG GCL2,AS,-588.9141248620076,-1432.135839185279,-0.08218542969890667
m28_ptenblind,CNO,PTEN,m28s7,50,DG GCL2,AS,-204.0125171241858,-1256.581247100197,-0.03728856660822351
m28_ptenblind,CNO,PTEN,m28s7,52,DG MML2,AS,206.7172155355859,-792.1555388517894,-0.0436393342757062
m28_ptenblind,CNO,PTEN,m28s7,54,DG MML2,AS,172.1568875910376,-520.7255826451471,-0.05108582865720496
m28_ptenblind,CNO,PTEN,m28s7,56,DG OML2,AS,-10.18598805303158,-420.904689804647,-0.02503833070550401
m28_ptenblind,CNO,PTEN,m28s7,58,DG,AS,36.6781873776175,-323.6090711538228,-0.007404993020594886
m28_ptenblind,CNO,PTEN,m28s7,60,DG,AS,18.92776684382993,-270.0660673909168,-0.006128607732224288
m28_ptenblind,CNO,PTEN,m28s7,62,DG,AS,19.05085180726503,-238.097527215095,-0.004497196039595929
m28_ptenblind,CNO,PTEN,m28s7,64,DG,AS,19.05085180726503,-228.291475921251,
m28_ptenblind,CNO,PTEN,m28s7,2,CA1 SP,GZ,,-21.34682702236491,-0.008461375618415617
m28_ptenblind,CNO,PTEN,m28s7,4,CA1 SP,GZ,-27.28240720687374,-77.13439816334208,-0.007228506465682126
m28_ptenblind,CNO,PTEN,m28s7,6,CA1,GZ,1.651394751764122,-102.4388485267514,-0.009711585349369611
m28_ptenblind,CNO,PTEN,m28s7,8,CA1,GZ,3.767936460433467,-128.5684304159196,-0.005533450719228613
m28_ptenblind,CNO,PTEN,m28s7,10,CA1,GZ,-32.7203812137727,-172.6160831138736,-0.00725958534983231
m28_ptenblind,CNO,PTEN,m28s7,12,CA1 SLM,GZ,-42.70165966403099,-179.8579106565381,-0.01315388598339485
m28_ptenblind,CNO,PTEN,m28s7,14,CA1 SLM,GZ,-48.56835642168598,-146.6232675020812,-0.009864037114034227
m28_ptenblind,CNO,PTEN,m28s7,16,CA1 SLM,GZ,16.74590572234122,-64.56812874215547,-0.004348594133502827
m28_ptenblind,CNO,PTEN,m28s7,18,DG OML1,GZ,106.2012949297505,14.69827870853615,-0.01598879690323127
m28_ptenblind,CNO,PTEN,m28s7,20,DG OML1,GZ,353.7998199462891,-61.16935855052508,-0.03359396572658931
m28_ptenblind,CNO,PTEN,m28s7,22,DG MML1,GZ,563.020460067257,-432.6109338979252,-0.0469160406181832
m28_ptenblind,CNO,PTEN,m28s7,24,DG MML1,GZ,208.8626738517515,-1258.600829077549,-0.04916336407591424
m28_ptenblind,CNO,PTEN,m28s7,26,DG GCL1,GZ,-818.0089150705649,-2116.364213286853,-0.02755474006122213
m28_ptenblind,CNO,PTEN,m28s7,28,DG GCL1,GZ,-487.1803406746155,-2082.684032252578,-0.06148052441887523
m28_ptenblind,CNO,PTEN,m28s7,30,HIL,GZ,-130.7779127551663,-1430.393375334192,-0.04785551724779291
m28_ptenblind,CNO,PTEN,m28s7,32,HIL,GZ,75.67750253985012,-829.1776375692399,-0.02027957055216902
m28_ptenblind,CNO,PTEN,m28s7,34,HIL,GZ,186.3750334708921,-502.3704591344614,-0.01330600109579646
m28_ptenblind,CNO,PTEN,m28s7,36,HIL,GZ,44.97878782210812,-424.1626614429917,-0.01401090367041987
m28_ptenblind,CNO,PTEN,m28s7,38,HIL,GZ,182.086883052703,-395.8885317943137,-0.01432710347327682
m28_ptenblind,CNO,PTEN,m28s7,40,HIL,GZ,-90.60496668661797,-669.032362640881,-0.01669668858666839
m28_ptenblind,CNO,PTEN,m28s7,42,HIL,GZ,5.867496613533253,-867.2125144082987,-0.01334109282909535
m28_ptenblind,CNO,PTEN,m28s7,44,HIL,GZ,-104.3735627205141,-1215.828223306625,-0.01993759966524375
m28_ptenblind,CNO,PTEN,m28s7,46,DG GCL2,GZ,-542.5358433877268,-1857.196807861328,-0.04994595050987246
m28_ptenblind,CNO,PTEN,m28s7,48,DG GCL2,GZ,-494.8174876551475,-1749.87620994693,-0.08218542969890667
m28_ptenblind,CNO,PTEN,m28s7,50,DG GCL2,GZ,159.5400533368511,-987.6855631343657,-0.03728856660822351
m28_ptenblind,CNO,PTEN,m28s7,52,DG MML2,GZ,379.9001016924458,-80.62750394227085,-0.0436393342757062
m28_ptenblind,CNO,PTEN,m28s7,54,DG MML2,GZ,332.7016522807459,444.8232181736684,-0.05108582865720496
m28_ptenblind,CNO,PTEN,m28s7,56,DG OML2,GZ,92.09842066611009,638.3153884137263,-0.02503833070550401
m28_ptenblind,CNO,PTEN,m28s7,58,DG,GZ,70.0569768105784,743.6475597444128,-0.007404993020594886
m28_ptenblind,CNO,PTEN,m28s7,60,DG,GZ,43.68449795630671,778.3995143702778,-0.006128607732224288
m28_ptenblind,CNO,PTEN,m28s7,62,DG,GZ,6.463450770224284,762.3903243268124,-0.004497196039595929
m28_ptenblind,CNO,PTEN,m28s7,64,DG,GZ,,705.5582452992919,
