Extracted Sorting ID 062226,Cage Card 062226,DOB 062226,Sex 062226,Strain,Notes,Source Page,Position on Page,Raw Card Text,Card Type,External ID,Census Date,Breeding Date,Sex Normalized,Mouse Tag,Previous Tag,# Animals,Mice In Card,ID Count Matches # Animals,Created,Ref,Parse Warnings
302,CC-24368-1,05/29/25,FEMALE,KCN1-YH het,302 (F) | Split breeding pair 1,4,1,X0-145 Species MOUSE # Animals 1 Census 11/04/25 Sex FEMALE P.I. Barry J. Strain KCN1-YH het Code DOB 05/29/25 Emergency Contact(s) Rain Younger: (971) 678-8621 Source In House Jeremy Barry: (917) 817-5852 Notes 302 (F) Split breeding pair 1 Created 11/4/2025 2:20pm SPLIT-5193 • CC-24368-1 • External ID:,CENSUS,X0-145,11/04/25,,FEMALE,302,,1,1,YES,11/4/2025 2:20pm,SPLIT-5193,
307,CC-28915-1,6/26/25,MALE,Kcnt1-YH,508x505 | 307 - YH-het,17,2,X0-145 Species MOUSE # Animals 1 Census 06/16/26 Sex MALE P.I. Barry J. Strain Kcnt1-YH Code DOB 6/26/25 Emergency Contact(s) Rain Younger (971) 678-8621 Source In House Jeremy Barry +19178175852 Notes 508x505 307 - YH-het Created 6/16/2026 3:50pm SPLIT-6976 • CC-28915-1 • External ID:,CENSUS,X0-145,06/16/26,,MALE,307,,1,1,YES,6/16/2026 3:50pm,SPLIT-6976,
308,CC-27042-1,6/26/25,MALE,Kcnt1-YH,508x505 | 308,7,3,X0-145 Species MOUSE # Animals 1 Census 03/23/26 Sex MALE P.I. Barry J. Strain Kcnt1-YH Code DOB 6/26/25 Emergency Contact(s) Rain Younger (971) 678-8621 Source In House Jeremy Barry +19178175852 Notes 508x505 308 Created 3/23/2026 10:53am SPLIT-6240 • CC-27042-1 • External ID:,CENSUS,X0-145,03/23/26,,MALE,308,,1,1,YES,3/23/2026 10:53am,SPLIT-6240,
313,CC-24369-1,06/26/25,FEMALE,KCN1-YH het,313 (F) | Split breeding pair 2,4,2,X0-145 Species MOUSE # Animals 1 Census 11/04/25 Sex FEMALE P.I. Barry J. Strain KCN1-YH het Code DOB 06/26/25 Emergency Contact(s) Rain Younger: (971) 678-8621 Source In House Jeremy Barry: (917) 817-5852 Notes 313 (F) Split breeding pair 2 Created 11/4/2025 2:22pm SPLIT-5194 • CC-24369-1 • External ID:,CENSUS,X0-145,11/04/25,,FEMALE,313,,1,1,YES,11/4/2025 2:22pm,SPLIT-5194,
317,CC-22535-4,7/20/2025,MALE,Kcnt1-YH,508x505 | 317,1,1,X0-145 Species MOUSE # Animals 1 Census 08/08/25 Sex MALE P.I. Barry J. Strain Kcnt1-YH Code DOB 7/20/2025 Emergency Contact(s) Rain Younger +19716788621 Source In House Jeremy Barry +19178175852 Notes 508x505 317 Created 6/16/2026 3:53pm • CC-22535-4 • External ID:,CENSUS,X0-145,08/08/25,,MALE,317,,1,1,YES,6/16/2026 3:53pm,,
320,CC-25084-2,07/20/25,FEMALE,Kcnt1-YH(hom),541(M)x320(F),5,2,X0-145 Species MOUSE # Animals 2 P.I. Barry J. M DOB 10/01/25 F DOB 07/20/25 Breeding Date 03/24/26 Emergency Contact(s) Rain Younger +19716788621 Source In House M Strain (ID) Kcnt1-YH(het);PV-Cre(het) F Strain (ID) Kcnt1-YH(hom) Notes 541(M)x320(F) Created 3/24/2026 3:02pm • CC-25084-2 • External ID:,BREEDER,X0-145,,03/24/26,FEMALE,320,,2,2,YES,3/24/2026 3:02pm,,
326,CC-27298-1,7/19/2025,FEMALE,Kcnt1-YH,507x503 | 326,9,2,X0-145 Species MOUSE # Animals 1 Census 04/08/26 Sex FEMALE P.I. Barry J. Strain Kcnt1-YH Code DOB 7/19/2025 Emergency Contact(s) Rain Younger +19716788621 Source In House Jeremy Barry +19178175852 Notes 507x503 326 Created 4/8/2026 11:15am SPLIT-6347 • CC-27298-1 • External ID:,CENSUS,X0-145,04/08/26,,FEMALE,326,,1,1,YES,4/8/2026 11:15am,SPLIT-6347,
328,CC-22629-3,07/01/25,MALE,PV-Cre,328 (M) | Split breeding pair 2,1,2,X0-145 Species MOUSE # Animals 1 Census 08/13/25 Sex MALE P.I. Barry J. Strain PV-Cre Code DOB 07/01/25 Emergency Contact(s) Rain Younger: (971) 678-8621 Source In House Jeremy Barry: (917) 817-5852 Notes 328 (M) Split breeding pair 2 Created 11/4/2025 2:22pm • CC-22629-3 • External ID:,CENSUS,X0-145,08/13/25,,MALE,328,,1,1,YES,11/4/2025 2:22pm,,
329,CC-22630-4,07/01/2025,MALE,SST-Cre,329 (M) | Split breeding pair 1,1,3,X0-145 Species MOUSE # Animals 1 Census 08/13/25 Sex MALE P.I. Barry J. Strain SST-Cre Code DOB 07/01/2025 Emergency Contact(s) Rain Younger: (971) 678-8621 Source In House Jeremy Barry: (917) 817-5852 Notes 329 (M) Split breeding pair 1 Created 11/4/2025 2:20pm • CC-22630-4 • External ID:,CENSUS,X0-145,08/13/25,,MALE,329,,1,1,YES,11/4/2025 2:20pm,,
510,CC-28450-1,2025-04-21,MALE,Kcnt1-YH;SST-Cre,510,13,3,X0-145 Species MOUSE # Animals 1 Census 05/27/26 Sex MALE P.I. Barry J. Strain Kcnt1-YH;SST-Cre Code DOB 2025-04-21 Emergency Contact(s) Rain Younger (971)-678-8621 Source In House Jeremy Barry +19178175852 Notes 510 Created 5/27/2026 2:29pm SPLIT-6843 • CC-28450-1 • External ID:,CENSUS,X0-145,05/27/26,,MALE,510,,1,1,YES,5/27/2026 2:29pm,SPLIT-6843,
512,CC-28846-1,2025-04-21,MALE,Kcnt1-YH;SST-Cre,512,16,1,X0-145 Species MOUSE # Animals 1 Census 06/12/26 Sex MALE P.I. Barry J. Strain Kcnt1-YH;SST-Cre Code DOB 2025-04-21 Emergency Contact(s) Rain Younger (971)-678-8621 Source In House Jeremy Barry +19178175852 Notes 512 Created 6/12/2026 9:38am SPLIT-6958 • CC-28846-1 • External ID:,CENSUS,X0-145,06/12/26,,MALE,512,,1,1,YES,6/12/2026 9:38am,SPLIT-6958,
515,CC-25086-2,08/09/25,FEMALE,Kcnt1-YH(hom),532(M)x515(F),5,3,X0-145 Species MOUSE # Animals 2 P.I. Barry J. M DOB 09/14/25 F DOB 08/09/25 Breeding Date 03/24/26 Emergency Contact(s) Rain Younger +19716788621 Source In House M Strain (ID) Kcnt1-YH(het);SST-Cre(het) F Strain (ID) Kcnt1-YH(hom) Notes 532(M)x515(F) Created 3/24/2026 3:02pm • CC-25086-2 • External ID:,BREEDER,X0-145,,03/24/26,FEMALE,515,,2,2,YES,3/24/2026 3:02pm,,
520,CC-27208-1,9/4/25,FEMALE,Kcnt1-YH;PV-cre,328x313 | 520,8,2,X0-145 Species MOUSE # Animals 1 Census 04/02/26 Sex FEMALE P.I. Barry J. Strain Kcnt1-YH;PV-cre Code DOB 9/4/25 Emergency Contact(s) Rain Younger (971) 678-8621 Source In House Jeremy Barry (917) 817-5852 Notes 328x313 520 Created 4/2/2026 9:32am SPLIT-6317 • CC-27208-1 • External ID:,CENSUS,X0-145,04/02/26,,FEMALE,520,,1,1,YES,4/2/2026 9:32am,SPLIT-6317,
521,CC-27510-1,9/4/25,FEMALE,Kcnt1-YH;PV-cre,328x313 | 521,10,1,X0-145 Species MOUSE # Animals 1 Census 04/16/26 Sex FEMALE P.I. Barry J. Strain Kcnt1-YH;PV-cre Code DOB 9/4/25 Emergency Contact(s) Rain Younger (971) 678-8621 Source In House Jeremy Barry (917) 817-5852 Notes 328x313 521 Created 4/16/2026 3:07pm SPLIT-6464 • CC-27510-1 • External ID:,CENSUS,X0-145,04/16/26,,FEMALE,521,,1,1,YES,4/16/2026 3:07pm,SPLIT-6464,
522,CC-23545-3,9/4/25,FEMALE,Kcnt1-YH;PV-cre,328x313 | 522,2,1,X0-145 Species MOUSE # Animals 1 Census 09/25/25 Sex FEMALE P.I. Barry J. Strain Kcnt1-YH;PV-cre Code DOB 9/4/25 Emergency Contact(s) Rain Younger (971) 678-8621 Source In House Jeremy Barry (917) 817-5852 Notes 328x313 522 Created 4/16/2026 3:07pm • CC-23545-3 • External ID:,CENSUS,X0-145,09/25/25,,FEMALE,522,,1,1,YES,4/16/2026 3:07pm,,
523,CC-23546-3,9/4/25,FEMALE,Kcnt1-YH;PV-cre,328x313 | 523,2,2,X0-145 Species MOUSE # Animals 1 Census 09/25/25 Sex FEMALE P.I. Barry J. Strain Kcnt1-YH;PV-cre Code DOB 9/4/25 Emergency Contact(s) Rain Younger (971) 678-8621 Source In House Jeremy Barry (917) 817-5852 Notes 328x313 523 Created 4/21/2026 8:54am • CC-23546-3 • External ID:,CENSUS,X0-145,09/25/25,,FEMALE,523,,1,1,YES,4/21/2026 8:54am,,
524,CC-27620-1,9/4/25,FEMALE,Kcnt1-YH;PV-cre,328x313 | 524,10,3,X0-145 Species MOUSE # Animals 1 Census 04/21/26 Sex FEMALE P.I. Barry J. Strain Kcnt1-YH;PV-cre Code DOB 9/4/25 Emergency Contact(s) Rain Younger (971) 678-8621 Source In House Jeremy Barry (917) 817-5852 Notes 328x313 524 Created 4/21/2026 8:54am SPLIT-6515 • CC-27620-1 • External ID:,CENSUS,X0-145,04/21/26,,FEMALE,524,,1,1,YES,4/21/2026 8:54am,SPLIT-6515,
525,CC-26938-1,9/4/25,FEMALE,Kcnt1-YH;PV-cre,328x313 | 525,7,2,X0-145 Species MOUSE # Animals 1 Census 03/17/26 Sex FEMALE P.I. Barry J. Strain Kcnt1-YH;PV-cre Code DOB 9/4/25 Emergency Contact(s) Rain Younger (971) 678-8621 Source In House Jeremy Barry (917) 817-5852 Notes 328x313 525 Created 3/17/2026 1:15pm SPLIT-6207 • CC-26938-1 • External ID:,CENSUS,X0-145,03/17/26,,FEMALE,525,,1,1,YES,3/17/2026 1:15pm,SPLIT-6207,
529,CC-27463-1,9/14/2025,F,Kcnt1; SST-Cre,329 (M) x 302 (F) | 529,9,3,X0-145 Species MOUSE # Animals 1 Census 04/14/26 Sex F P.I. Barry J. Strain Kcnt1; SST-Cre Code DOB 9/14/2025 Emergency Contact(s) Rain Younger +19716788621 Source In House Jeremy Barry Notes 329 (M) x 302 (F) 529 Created 4/14/2026 1:14pm SPLIT-6434 • CC-27463-1 • External ID:,CENSUS,X0-145,04/14/26,,FEMALE,529,,1,1,YES,4/14/2026 1:14pm,SPLIT-6434,
531,CC-23781-7,9/14/2025,F,Kcnt1; SST-Cre,329 (M) x 302 (F) | 531,2,3,X0-145 Species MOUSE # Animals 1 Census 10/06/25 Sex F P.I. Barry J. Strain Kcnt1; SST-Cre Code DOB 9/14/2025 Emergency Contact(s) Rain Younger +19716788621 Source In House Jeremy Barry Notes 329 (M) x 302 (F) 531 Created 4/14/2026 1:14pm • CC-23781-7 • External ID:,CENSUS,X0-145,10/06/25,,FEMALE,531,,1,1,YES,4/14/2026 1:14pm,,
532,CC-25086-2,09/14/25,MALE,Kcnt1-YH(het);SST-Cre(het),532(M)x515(F),5,3,X0-145 Species MOUSE # Animals 2 P.I. Barry J. M DOB 09/14/25 F DOB 08/09/25 Breeding Date 03/24/26 Emergency Contact(s) Rain Younger +19716788621 Source In House M Strain (ID) Kcnt1-YH(het);SST-Cre(het) F Strain (ID) Kcnt1-YH(hom) Notes 532(M)x515(F) Created 3/24/2026 3:02pm • CC-25086-2 • External ID:,BREEDER,X0-145,,03/24/26,MALE,532,,2,2,YES,3/24/2026 3:02pm,,
536,CC-24052-4,10/1/25,FEMALE,Kcnt1-YH;PV-Cre,328x313 | 536 | 537 | 538 | 540,3,3,X0-145 Species MOUSE # Animals 4 Census 10/22/25 Sex FEMALE P.I. Barry J. Strain Kcnt1-YH;PV-Cre Code DOB 10/1/25 Emergency Contact(s) Rain Younger: (971) 678-8621 Source In House Jeremy Barry: (917) 817-5852 Notes 328x313 536 537 538 540 Created 6/17/2026 1:43pm W-4813 • CC-24052-4 • External ID:,CENSUS,X0-145,10/22/25,,FEMALE,536,,4,4,YES,6/17/2026 1:43pm,W-4813,
537,CC-24052-4,10/1/25,FEMALE,Kcnt1-YH;PV-Cre,328x313 | 536 | 537 | 538 | 540,3,3,X0-145 Species MOUSE # Animals 4 Census 10/22/25 Sex FEMALE P.I. Barry J. Strain Kcnt1-YH;PV-Cre Code DOB 10/1/25 Emergency Contact(s) Rain Younger: (971) 678-8621 Source In House Jeremy Barry: (917) 817-5852 Notes 328x313 536 537 538 540 Created 6/17/2026 1:43pm W-4813 • CC-24052-4 • External ID:,CENSUS,X0-145,10/22/25,,FEMALE,537,,4,4,YES,6/17/2026 1:43pm,W-4813,
538,CC-24052-4,10/1/25,FEMALE,Kcnt1-YH;PV-Cre,328x313 | 536 | 537 | 538 | 540,3,3,X0-145 Species MOUSE # Animals 4 Census 10/22/25 Sex FEMALE P.I. Barry J. Strain Kcnt1-YH;PV-Cre Code DOB 10/1/25 Emergency Contact(s) Rain Younger: (971) 678-8621 Source In House Jeremy Barry: (917) 817-5852 Notes 328x313 536 537 538 540 Created 6/17/2026 1:43pm W-4813 • CC-24052-4 • External ID:,CENSUS,X0-145,10/22/25,,FEMALE,538,,4,4,YES,6/17/2026 1:43pm,W-4813,
539,CC-28939-1,10/1/25,FEMALE,Kcnt1-YH;PV-Cre,328x313 | 539,17,3,X0-145 Species MOUSE # Animals 1 Census 06/17/26 Sex FEMALE P.I. Barry J. Strain Kcnt1-YH;PV-Cre Code DOB 10/1/25 Emergency Contact(s) Rain Younger: (971) 678-8621 Source In House Jeremy Barry: (917) 817-5852 Notes 328x313 539 Created 6/17/2026 1:43pm SPLIT-6985 • CC-28939-1 • External ID:,CENSUS,X0-145,06/17/26,,FEMALE,539,,1,1,YES,6/17/2026 1:43pm,SPLIT-6985,
540,CC-24052-4,10/1/25,FEMALE,Kcnt1-YH;PV-Cre,328x313 | 536 | 537 | 538 | 540,3,3,X0-145 Species MOUSE # Animals 4 Census 10/22/25 Sex FEMALE P.I. Barry J. Strain Kcnt1-YH;PV-Cre Code DOB 10/1/25 Emergency Contact(s) Rain Younger: (971) 678-8621 Source In House Jeremy Barry: (917) 817-5852 Notes 328x313 536 537 538 540 Created 6/17/2026 1:43pm W-4813 • CC-24052-4 • External ID:,CENSUS,X0-145,10/22/25,,FEMALE,540,,4,4,YES,6/17/2026 1:43pm,W-4813,
541,CC-25084-2,10/01/25,MALE,Kcnt1-YH(het);PV-Cre(het),541(M)x320(F),5,2,X0-145 Species MOUSE # Animals 2 P.I. Barry J. M DOB 10/01/25 F DOB 07/20/25 Breeding Date 03/24/26 Emergency Contact(s) Rain Younger +19716788621 Source In House M Strain (ID) Kcnt1-YH(het);PV-Cre(het) F Strain (ID) Kcnt1-YH(hom) Notes 541(M)x320(F) Created 3/24/2026 3:02pm • CC-25084-2 • External ID:,BREEDER,X0-145,,03/24/26,MALE,541,,2,2,YES,3/24/2026 3:02pm,,
542,CC-24051-4,10/1/25,MALE,Kcnt1-YH;PV-Cre,328x 313 | 542 | 543 - no et | 544 - no et | 545 - no et,3,2,X0-145 Species MOUSE # Animals 4 Census 10/22/25 Sex MALE P.I. Barry J. Strain Kcnt1-YH;PV-Cre Code DOB 10/1/25 Emergency Contact(s) Rain Younger: (971) 678-8621 Source In House Jeremy Barry: (917) 817-5852 Notes 328x 313 542 543 - no et 544 - no et 545 - no et Created 12/12/2025 2:06pm W-4813 • CC-24051-4 • External ID:,CENSUS,X0-145,10/22/25,,MALE,542,,4,4,YES,12/12/2025 2:06pm,W-4813,
543,CC-24051-4,10/1/25,MALE,Kcnt1-YH;PV-Cre,328x 313 | 542 | 543 - no et | 544 - no et | 545 - no et,3,2,X0-145 Species MOUSE # Animals 4 Census 10/22/25 Sex MALE P.I. Barry J. Strain Kcnt1-YH;PV-Cre Code DOB 10/1/25 Emergency Contact(s) Rain Younger: (971) 678-8621 Source In House Jeremy Barry: (917) 817-5852 Notes 328x 313 542 543 - no et 544 - no et 545 - no et Created 12/12/2025 2:06pm W-4813 • CC-24051-4 • External ID:,CENSUS,X0-145,10/22/25,,MALE,543,,4,4,YES,12/12/2025 2:06pm,W-4813,
544,CC-24051-4,10/1/25,MALE,Kcnt1-YH;PV-Cre,328x 313 | 542 | 543 - no et | 544 - no et | 545 - no et,3,2,X0-145 Species MOUSE # Animals 4 Census 10/22/25 Sex MALE P.I. Barry J. Strain Kcnt1-YH;PV-Cre Code DOB 10/1/25 Emergency Contact(s) Rain Younger: (971) 678-8621 Source In House Jeremy Barry: (917) 817-5852 Notes 328x 313 542 543 - no et 544 - no et 545 - no et Created 12/12/2025 2:06pm W-4813 • CC-24051-4 • External ID:,CENSUS,X0-145,10/22/25,,MALE,544,,4,4,YES,12/12/2025 2:06pm,W-4813,
545,CC-24051-4,10/1/25,MALE,Kcnt1-YH;PV-Cre,328x 313 | 542 | 543 - no et | 544 - no et | 545 - no et,3,2,X0-145 Species MOUSE # Animals 4 Census 10/22/25 Sex MALE P.I. Barry J. Strain Kcnt1-YH;PV-Cre Code DOB 10/1/25 Emergency Contact(s) Rain Younger: (971) 678-8621 Source In House Jeremy Barry: (917) 817-5852 Notes 328x 313 542 543 - no et 544 - no et 545 - no et Created 12/12/2025 2:06pm W-4813 • CC-24051-4 • External ID:,CENSUS,X0-145,10/22/25,,MALE,545,,4,4,YES,12/12/2025 2:06pm,W-4813,
546,CC-27096-2,10/25/25,F,KCNT1; SST-Cre,546 (former breeder),8,1,X0-145 Species MOUSE # Animals 1 Census 03/24/26 Sex F P.I. Barry J. Strain KCNT1; SST-Cre Code DOB 10/25/25 Emergency Contact(s) Rain Younger: (971) 678-8621 Source In House Jeremy Barry: (917) 817-5852 Notes 546 (former breeder) Created 6/1/2026 3:04pm SPLIT-6268 • CC-27096-2 • External ID:,CENSUS,X0-145,03/24/26,,FEMALE,546,,1,1,YES,6/1/2026 3:04pm,SPLIT-6268,
547,CC-24576-3,2025-10-25,FEMALE,FID: Kcnt1-YH; SST-cre (het),329x302 | 547 | 548 | 549 | 551,5,1,X0-145 Species MOUSE # Animals 4 Census 11/15/25 Sex FEMALE P.I. Barry J. Strain FID: Kcnt1-YH; SST-cre (het) Code DOB 2025-10-25 Emergency Contact(s) Rain Younger: (971) 678-8621 Source In House Jeremy Barry: (917) 817-5852 Notes 329x302 547 548 549 551 Created 3/24/2026 2:56pm W-4982 • CC-24576-3 • External ID:,CENSUS,X0-145,11/15/25,,FEMALE,547,,4,4,YES,3/24/2026 2:56pm,W-4982,
548,CC-24576-3,2025-10-25,FEMALE,FID: Kcnt1-YH; SST-cre (het),329x302 | 547 | 548 | 549 | 551,5,1,X0-145 Species MOUSE # Animals 4 Census 11/15/25 Sex FEMALE P.I. Barry J. Strain FID: Kcnt1-YH; SST-cre (het) Code DOB 2025-10-25 Emergency Contact(s) Rain Younger: (971) 678-8621 Source In House Jeremy Barry: (917) 817-5852 Notes 329x302 547 548 549 551 Created 3/24/2026 2:56pm W-4982 • CC-24576-3 • External ID:,CENSUS,X0-145,11/15/25,,FEMALE,548,,4,4,YES,3/24/2026 2:56pm,W-4982,
549,CC-24576-3,2025-10-25,FEMALE,FID: Kcnt1-YH; SST-cre (het),329x302 | 547 | 548 | 549 | 551,5,1,X0-145 Species MOUSE # Animals 4 Census 11/15/25 Sex FEMALE P.I. Barry J. Strain FID: Kcnt1-YH; SST-cre (het) Code DOB 2025-10-25 Emergency Contact(s) Rain Younger: (971) 678-8621 Source In House Jeremy Barry: (917) 817-5852 Notes 329x302 547 548 549 551 Created 3/24/2026 2:56pm W-4982 • CC-24576-3 • External ID:,CENSUS,X0-145,11/15/25,,FEMALE,549,,4,4,YES,3/24/2026 2:56pm,W-4982,
551,CC-24576-3,2025-10-25,FEMALE,FID: Kcnt1-YH; SST-cre (het),329x302 | 547 | 548 | 549 | 551,5,1,X0-145 Species MOUSE # Animals 4 Census 11/15/25 Sex FEMALE P.I. Barry J. Strain FID: Kcnt1-YH; SST-cre (het) Code DOB 2025-10-25 Emergency Contact(s) Rain Younger: (971) 678-8621 Source In House Jeremy Barry: (917) 817-5852 Notes 329x302 547 548 549 551 Created 3/24/2026 2:56pm W-4982 • CC-24576-3 • External ID:,CENSUS,X0-145,11/15/25,,FEMALE,551,,4,4,YES,3/24/2026 2:56pm,W-4982,
556,CC-24575-6,2025-10-25,MALE,Kcnt1-YH; SST-cre (het),329x302 | 571 | 572 | 573 | 556,4,3,X0-145 Species MOUSE # Animals 4 Census 11/15/25 Sex MALE P.I. Barry J. Strain Kcnt1-YH; SST-cre (het) Code DOB 2025-10-25 Emergency Contact(s) Rain Younger: (971) 678-8621 Source In House Jeremy Barry: (917) 817-5852 Notes 329x302 571 572 573 556 Created 3/24/2026 2:56pm W-4982 • CC-24575-6 • External ID:,CENSUS,X0-145,11/15/25,,MALE,556,,4,4,YES,3/24/2026 2:56pm,W-4982,
557,CC-26360-2,11/27/25,F,Kcnt1-YH; PV-Cre,557 (former breeder),7,1,X0-145 Species MOUSE # Animals 1 Census 02/18/26 Sex F P.I. Barry J. Strain Kcnt1-YH; PV-Cre Code DOB 11/27/25 Emergency Contact(s) Rain Younger: (971) 678-8621 Source In House Jeremy Barry: (917) 817-5852 Notes 557 (former breeder) Created 5/22/2026 1:46pm SPLIT-5973 • CC-26360-2 • External ID:,CENSUS,X0-145,02/18/26,,FEMALE,557,,1,1,YES,5/22/2026 1:46pm,SPLIT-5973,
558,CC-25203-4,11/27/2025,FEMALE,Kcnt1-YH;PV-Cre,558 | 559,6,1,X0-145 Species MOUSE # Animals 2 Census 12/18/25 Sex FEMALE P.I. Barry J. Strain Kcnt1-YH;PV-Cre Code DOB 11/27/2025 Emergency Contact(s) Rain Younger: (971) 678-8621 Source In House Jeremy Barry: (917) 817-5852 Notes 558 559 Created 2/18/2026 4:41pm W-5191 • CC-25203-4 • External ID:,CENSUS,X0-145,12/18/25,,FEMALE,558,,2,2,YES,2/18/2026 4:41pm,W-5191,
559,CC-25203-4,11/27/2025,FEMALE,Kcnt1-YH;PV-Cre,558 | 559,6,1,X0-145 Species MOUSE # Animals 2 Census 12/18/25 Sex FEMALE P.I. Barry J. Strain Kcnt1-YH;PV-Cre Code DOB 11/27/2025 Emergency Contact(s) Rain Younger: (971) 678-8621 Source In House Jeremy Barry: (917) 817-5852 Notes 558 559 Created 2/18/2026 4:41pm W-5191 • CC-25203-4 • External ID:,CENSUS,X0-145,12/18/25,,FEMALE,559,,2,2,YES,2/18/2026 4:41pm,W-5191,
560,CC-25204-2,11/27/2025,MALE,Kcnt1-YH;PV-Cre,560 | 561 | 562,6,2,X0-145 Species MOUSE # Animals 3 Census 12/18/25 Sex MALE P.I. Barry J. Strain Kcnt1-YH;PV-Cre Code DOB 11/27/2025 Emergency Contact(s) Rain Younger: (971) 678-8621 Source In House Jeremy Barry: (917) 817-5852 Notes 560 561 562 Created 12/19/2025 2:41pm W-5191 • CC-25204-2 • External ID:,CENSUS,X0-145,12/18/25,,MALE,560,,3,3,YES,12/19/2025 2:41pm,W-5191,
561,CC-25204-2,11/27/2025,MALE,Kcnt1-YH;PV-Cre,560 | 561 | 562,6,2,X0-145 Species MOUSE # Animals 3 Census 12/18/25 Sex MALE P.I. Barry J. Strain Kcnt1-YH;PV-Cre Code DOB 11/27/2025 Emergency Contact(s) Rain Younger: (971) 678-8621 Source In House Jeremy Barry: (917) 817-5852 Notes 560 561 562 Created 12/19/2025 2:41pm W-5191 • CC-25204-2 • External ID:,CENSUS,X0-145,12/18/25,,MALE,561,,3,3,YES,12/19/2025 2:41pm,W-5191,
562,CC-25204-2,11/27/2025,MALE,Kcnt1-YH;PV-Cre,560 | 561 | 562,6,2,X0-145 Species MOUSE # Animals 3 Census 12/18/25 Sex MALE P.I. Barry J. Strain Kcnt1-YH;PV-Cre Code DOB 11/27/2025 Emergency Contact(s) Rain Younger: (971) 678-8621 Source In House Jeremy Barry: (917) 817-5852 Notes 560 561 562 Created 12/19/2025 2:41pm W-5191 • CC-25204-2 • External ID:,CENSUS,X0-145,12/18/25,,MALE,562,,3,3,YES,12/19/2025 2:41pm,W-5191,
565,CC-28386-1,11/27/25,M,kcnt1-YH; PV-Cre,565 (former breeder),13,1,X0-145 Species MOUSE # Animals 1 Census 05/22/26 Sex M P.I. Barry J. Strain kcnt1-YH; PV-Cre Code DOB 11/27/25 Emergency Contact(s) Rain Younger: (971) 678-8621 Source In House Jeremy Barry: (917) 817-5852 Notes 565 (former breeder) Created 5/22/2026 1:46pm SPLIT-6809 • CC-28386-1 • External ID:,CENSUS,X0-145,05/22/26,,MALE,565,,1,1,YES,5/22/2026 1:46pm,SPLIT-6809,
566,CC-25205-3,11/27/2025,MALE,Kcnt1-YH;PV-Cre,566 | 567,6,3,X0-145 Species MOUSE # Animals 2 Census 12/18/25 Sex MALE P.I. Barry J. Strain Kcnt1-YH;PV-Cre Code DOB 11/27/2025 Emergency Contact(s) Rain Younger: (971) 678-8621 Source In House Jeremy Barry: (917) 817-5852 Notes 566 567 Created 2/18/2026 4:41pm W-5191 • CC-25205-3 • External ID:,CENSUS,X0-145,12/18/25,,MALE,566,,2,2,YES,2/18/2026 4:41pm,W-5191,
567,CC-25205-3,11/27/2025,MALE,Kcnt1-YH;PV-Cre,566 | 567,6,3,X0-145 Species MOUSE # Animals 2 Census 12/18/25 Sex MALE P.I. Barry J. Strain Kcnt1-YH;PV-Cre Code DOB 11/27/2025 Emergency Contact(s) Rain Younger: (971) 678-8621 Source In House Jeremy Barry: (917) 817-5852 Notes 566 567 Created 2/18/2026 4:41pm W-5191 • CC-25205-3 • External ID:,CENSUS,X0-145,12/18/25,,MALE,567,,2,2,YES,2/18/2026 4:41pm,W-5191,
571,CC-24575-6,2025-10-25,MALE,Kcnt1-YH; SST-cre (het),329x302 | 571 | 572 | 573 | 556,4,3,X0-145 Species MOUSE # Animals 4 Census 11/15/25 Sex MALE P.I. Barry J. Strain Kcnt1-YH; SST-cre (het) Code DOB 2025-10-25 Emergency Contact(s) Rain Younger: (971) 678-8621 Source In House Jeremy Barry: (917) 817-5852 Notes 329x302 571 572 573 556 Created 3/24/2026 2:56pm W-4982 • CC-24575-6 • External ID:,CENSUS,X0-145,11/15/25,,MALE,571,,4,4,YES,3/24/2026 2:56pm,W-4982,
572,CC-24575-6,2025-10-25,MALE,Kcnt1-YH; SST-cre (het),329x302 | 571 | 572 | 573 | 556,4,3,X0-145 Species MOUSE # Animals 4 Census 11/15/25 Sex MALE P.I. Barry J. Strain Kcnt1-YH; SST-cre (het) Code DOB 2025-10-25 Emergency Contact(s) Rain Younger: (971) 678-8621 Source In House Jeremy Barry: (917) 817-5852 Notes 329x302 571 572 573 556 Created 3/24/2026 2:56pm W-4982 • CC-24575-6 • External ID:,CENSUS,X0-145,11/15/25,,MALE,572,,4,4,YES,3/24/2026 2:56pm,W-4982,
573,CC-24575-6,2025-10-25,MALE,Kcnt1-YH; SST-cre (het),329x302 | 571 | 572 | 573 | 556,4,3,X0-145 Species MOUSE # Animals 4 Census 11/15/25 Sex MALE P.I. Barry J. Strain Kcnt1-YH; SST-cre (het) Code DOB 2025-10-25 Emergency Contact(s) Rain Younger: (971) 678-8621 Source In House Jeremy Barry: (917) 817-5852 Notes 329x302 571 572 573 556 Created 3/24/2026 2:56pm W-4982 • CC-24575-6 • External ID:,CENSUS,X0-145,11/15/25,,MALE,573,,4,4,YES,3/24/2026 2:56pm,W-4982,
575,CC-28579-1,10/25/25,M,KCNT1; SST-Cre,575 (former breeder),15,2,X0-145 Species MOUSE # Animals 1 Census 06/01/26 Sex M P.I. Barry J. Strain KCNT1; SST-Cre Code DOB 10/25/25 Emergency Contact(s) Rain Younger: (971) 678-8621 Source In House Jeremy Barry: (917) 817-5852 Notes 575 (former breeder) Created 6/1/2026 3:04pm SPLIT-6874 • CC-28579-1 • External ID:,CENSUS,X0-145,06/01/26,,MALE,575,,1,1,YES,6/1/2026 3:04pm,SPLIT-6874,
576,CC-27511-1,9/14/25,M,Kcnt1YH; SST-Cre,329 (M) x 302 (F) | 576 (previously 533,10,2,X0-145 Species MOUSE # Animals 1 Census 04/16/26 Sex M P.I. Barry J. Strain Kcnt1YH; SST-Cre Code DOB 9/14/25 Emergency Contact(s) Rain Younger +19716788621 Source In House Jeremy Barry Notes 329 (M) x 302 (F) 576 (previously 533 Created 4/16/2026 3:08pm SPLIT-6465 • CC-27511-1 • External ID:,CENSUS,X0-145,04/16/26,,MALE,576,533,1,1,YES,4/16/2026 3:08pm,SPLIT-6465,
577,CC-23782-8,9/14/25,M,Kcnt1YH; SST-Cre,329 (M) x 302 (F) | 577 (previously 534),3,1,X0-145 Species MOUSE # Animals 1 Census 10/06/25 Sex M P.I. Barry J. Strain Kcnt1YH; SST-Cre Code DOB 9/14/25 Emergency Contact(s) Rain Younger +19716788621 Source In House Jeremy Barry Notes 329 (M) x 302 (F) 577 (previously 534) Created 5/20/2026 10:34am • CC-23782-8 • External ID:,CENSUS,X0-145,10/06/25,,MALE,577,534,1,1,YES,5/20/2026 10:34am,,
579,CC-28885-1,03/14/26,FEMALE,Kcnt1-YH;PV-Cre,1607(M)(previously 586) x 579(F),17,1,X0-145 Species MOUSE # Animals 2 P.I. Barry J. M DOB 03/14/26 F DOB 03/14/26 Breeding Date 06/15/26 Emergency Contact(s) Rain Younger: (971) 678-8621 Source In House Jeremy Barry: (917) 817-5852 M Strain (ID) 1607 Kcnt1-YH;PV-Cre F Strain (ID) 579 Kcnt1-YH;PV-Cre Notes 1607(M)(previously 586) x 579(F) Created 6/15/2026 12:35pm SPLIT-6970 • CC-28885-1 • External ID:,BREEDER,X0-145,,06/15/26,FEMALE,579,,2,2,YES,6/15/2026 12:35pm,SPLIT-6970,
580,CC-27241-2,2026-03-14,FEMALE,FID: Kcnt1-YH;PV-Cre,565 (M) x 557 (F) | 580,9,1,X0-145 Species MOUSE # Animals 1 Census 04/04/26 Sex FEMALE P.I. Barry J. Strain FID: Kcnt1-YH;PV-Cre Code DOB 2026-03-14 Emergency Contact(s) Rain Younger: (971) 678-8621 Source In House Jeremy Barry: (917) 817-5852 Notes 565 (M) x 557 (F) 580 Created 6/15/2026 12:35pm W-5844 • CC-27241-2 • External ID:,CENSUS,X0-145,04/04/26,,FEMALE,580,,1,1,YES,6/15/2026 12:35pm,W-5844,
583,CC-27240-4,2026-03-14,MALE,Kcnt1-YH;PV-Cre,parents 565 (M) x 557 (F) | 583 | 584 | 1608 (previously 581) | 1609 (previously 587),8,3,X0-145 Species MOUSE # Animals 4 Census 04/04/26 Sex MALE P.I. Barry J. Strain Kcnt1-YH;PV-Cre Code DOB 2026-03-14 Emergency Contact(s) Rain Younger: (971) 678-8621 Source In House Jeremy Barry: (917) 817-5852 Notes parents 565 (M) x 557 (F) 583 584 1608 (previously 581) 1609 (previously 587) Created 6/15/2026 12:35pm W-5844 • CC-27240-4 • External ID:,CENSUS,X0-145,04/04/26,,MALE,583,,4,4,YES,6/15/2026 12:35pm,W-5844,
584,CC-27240-4,2026-03-14,MALE,Kcnt1-YH;PV-Cre,parents 565 (M) x 557 (F) | 583 | 584 | 1608 (previously 581) | 1609 (previously 587),8,3,X0-145 Species MOUSE # Animals 4 Census 04/04/26 Sex MALE P.I. Barry J. Strain Kcnt1-YH;PV-Cre Code DOB 2026-03-14 Emergency Contact(s) Rain Younger: (971) 678-8621 Source In House Jeremy Barry: (917) 817-5852 Notes parents 565 (M) x 557 (F) 583 584 1608 (previously 581) 1609 (previously 587) Created 6/15/2026 12:35pm W-5844 • CC-27240-4 • External ID:,CENSUS,X0-145,04/04/26,,MALE,584,,4,4,YES,6/15/2026 12:35pm,W-5844,
588,CC-27733-5,2026-04-06,FEMALE,Kcnt1-YH;PV-Cre,parents 565 (M) x 557 (F) | 588 | 1610 (previously 592) | 1611 (previously 590) | 1612 (previously 593),11,1,X0-145 Species MOUSE # Animals 4 Census 04/27/26 Sex FEMALE P.I. Barry J. Strain Kcnt1-YH;PV-Cre Code DOB 2026-04-06 Emergency Contact(s) Rain Younger: (971) 678-8621 Source In House Jeremy Barry: (917) 817-5852 Notes parents 565 (M) x 557 (F) 588 1610 (previously 592) 1611 (previously 590) 1612 (previously 593) Created 5/29/2026 1:49pm W-6039 • CC-27733-5 • External ID:,CENSUS,X0-145,04/27/26,,FEMALE,588,,4,4,YES,5/29/2026 1:49pm,W-6039,
591,CC-28501-1,2026-04-06,FEMALE,FID: Kcnt1-YH;PV-Cre,parents 565 (M) x 557 (F) | 591,14,1,X0-145 Species MOUSE # Animals 1 Census 05/28/26 Sex FEMALE P.I. Barry J. Strain FID: Kcnt1-YH;PV-Cre Code DOB 2026-04-06 Emergency Contact(s) Rain Younger: (971) 678-8621 Source In House Jeremy Barry: (917) 817-5852 Notes parents 565 (M) x 557 (F) 591 Created 5/28/2026 9:59am SPLIT-6853 • CC-28501-1 • External ID:,CENSUS,X0-145,05/28/26,,FEMALE,591,,1,1,YES,5/28/2026 9:59am,SPLIT-6853,
594,CC-27734-3,2026-04-06,MALE,FID: Kcnt1-YH;PV-Cre,565 (M) x 557 (F) | 594 | 595,11,2,X0-145 Species MOUSE # Animals 2 Census 04/27/26 Sex MALE P.I. Barry J. Strain FID: Kcnt1-YH;PV-Cre Code DOB 2026-04-06 Emergency Contact(s) Rain Younger: (971) 678-8621 Source In House Jeremy Barry: (917) 817-5852 Notes 565 (M) x 557 (F) 594 595 Created 5/28/2026 10:00am W-6039 • CC-27734-3 • External ID:,CENSUS,X0-145,04/27/26,,MALE,594,,2,2,YES,5/28/2026 10:00am,W-6039,
595,CC-27734-3,2026-04-06,MALE,FID: Kcnt1-YH;PV-Cre,565 (M) x 557 (F) | 594 | 595,11,2,X0-145 Species MOUSE # Animals 2 Census 04/27/26 Sex MALE P.I. Barry J. Strain FID: Kcnt1-YH;PV-Cre Code DOB 2026-04-06 Emergency Contact(s) Rain Younger: (971) 678-8621 Source In House Jeremy Barry: (917) 817-5852 Notes 565 (M) x 557 (F) 594 595 Created 5/28/2026 10:00am W-6039 • CC-27734-3 • External ID:,CENSUS,X0-145,04/27/26,,MALE,595,,2,2,YES,5/28/2026 10:00am,W-6039,
597,CC-28080-3,2026-04-18,FEMALE,Kcnt1-YH; SST-cre,parents | 575 (M) x 546 (F) | 0597 | 0598 | 0599 - no eartag,12,1,X0-145 Species MOUSE # Animals 3 Census 05/09/26 Sex FEMALE P.I. Barry J. Strain Kcnt1-YH; SST-cre Code DOB 2026-04-18 Emergency Contact(s) Rain Younger: (971) 678-8621 Source In House Jeremy Barry: (917) 817-5852 Notes parents 575 (M) x 546 (F) 0597 0598 0599 - no eartag Created 5/26/2026 3:45pm W-6131 • CC-28080-3 • External ID:,CENSUS,X0-145,05/09/26,,FEMALE,0597,,3,3,YES,5/26/2026 3:45pm,W-6131,
598,CC-28080-3,2026-04-18,FEMALE,Kcnt1-YH; SST-cre,parents | 575 (M) x 546 (F) | 0597 | 0598 | 0599 - no eartag,12,1,X0-145 Species MOUSE # Animals 3 Census 05/09/26 Sex FEMALE P.I. Barry J. Strain Kcnt1-YH; SST-cre Code DOB 2026-04-18 Emergency Contact(s) Rain Younger: (971) 678-8621 Source In House Jeremy Barry: (917) 817-5852 Notes parents 575 (M) x 546 (F) 0597 0598 0599 - no eartag Created 5/26/2026 3:45pm W-6131 • CC-28080-3 • External ID:,CENSUS,X0-145,05/09/26,,FEMALE,0598,,3,3,YES,5/26/2026 3:45pm,W-6131,
599,CC-28080-3,2026-04-18,FEMALE,Kcnt1-YH; SST-cre,parents | 575 (M) x 546 (F) | 0597 | 0598 | 0599 - no eartag,12,1,X0-145 Species MOUSE # Animals 3 Census 05/09/26 Sex FEMALE P.I. Barry J. Strain Kcnt1-YH; SST-cre Code DOB 2026-04-18 Emergency Contact(s) Rain Younger: (971) 678-8621 Source In House Jeremy Barry: (917) 817-5852 Notes parents 575 (M) x 546 (F) 0597 0598 0599 - no eartag Created 5/26/2026 3:45pm W-6131 • CC-28080-3 • External ID:,CENSUS,X0-145,05/09/26,,FEMALE,0599,,3,3,YES,5/26/2026 3:45pm,W-6131,
1600,CC-28884-1,04/18/26,FEMALE,Kcnt1-YH; SST-cre,1602 (M) x 1600 (F),16,3,X0-145 Species MOUSE # Animals 2 P.I. Barry J. M DOB 04/18/26 F DOB 04/18/26 Breeding Date 06/15/26 Emergency Contact(s) Rain Younger: (971) 678-8621 Source In House Jeremy Barry: (917) 817-5852 M Strain (ID) 1602 Kcnt1-YH;SST F Strain (ID) 1600 Kcnt1-YH; SST-cre Notes 1602 (M) x 1600 (F) Created 6/15/2026 12:32pm SPLIT-6969 • CC-28884-1 • External ID:,BREEDER,X0-145,,06/15/26,FEMALE,1600,,2,2,YES,6/15/2026 12:32pm,SPLIT-6969,
1602,CC-28884-1,04/18/26,MALE,Kcnt1-YH;SST,1602 (M) x 1600 (F),16,3,X0-145 Species MOUSE # Animals 2 P.I. Barry J. M DOB 04/18/26 F DOB 04/18/26 Breeding Date 06/15/26 Emergency Contact(s) Rain Younger: (971) 678-8621 Source In House Jeremy Barry: (917) 817-5852 M Strain (ID) 1602 Kcnt1-YH;SST F Strain (ID) 1600 Kcnt1-YH; SST-cre Notes 1602 (M) x 1600 (F) Created 6/15/2026 12:32pm SPLIT-6969 • CC-28884-1 • External ID:,BREEDER,X0-145,,06/15/26,MALE,1602,,2,2,YES,6/15/2026 12:32pm,SPLIT-6969,
1603,CC-28881-1,2026-04-18,FEMALE,Kcnt1-YH; SST-cre,"parents | 575 (M) x 546 (F) | 1603 - no eartag, black coat",16,2,"X0-145 Species MOUSE # Animals 1 Census 06/15/26 Sex FEMALE P.I. Barry J. Strain Kcnt1-YH; SST-cre Code DOB 2026-04-18 Emergency Contact(s) Rain Younger: (971) 678-8621 Source In House Jeremy Barry: (917) 817-5852 Notes parents 575 (M) x 546 (F) 1603 - no eartag, black coat Created 6/15/2026 8:37am SPLIT-6966 • CC-28881-1 • External ID:",CENSUS,X0-145,06/15/26,,FEMALE,1603,,1,1,YES,6/15/2026 8:37am,SPLIT-6966,
1604,CC-28079-6,2026-04-18,MALE,Kcnt1-YH; SST-cre,parents | 575 (M) x 546 (F) | 1604,11,3,X0-145 Species MOUSE # Animals 1 Census 05/09/26 Sex MALE P.I. Barry J. Strain Kcnt1-YH; SST-cre Code DOB 2026-04-18 Emergency Contact(s) Rain Younger: (971) 678-8621 Source In House Jeremy Barry: (917) 817-5852 Notes parents 575 (M) x 546 (F) 1604 Created 6/16/2026 3:55pm W-6131 • CC-28079-6 • External ID:,CENSUS,X0-145,05/09/26,,MALE,1604,,1,1,YES,6/16/2026 3:55pm,W-6131,
1606,CC-28433-2,2026-04-18,MALE,Kcnt1-YH; SST-cre,parents | 575 (M) x 546 (F) | 1606,13,2,X0-145 Species MOUSE # Animals 1 Census 05/26/26 Sex MALE P.I. Barry J. Strain Kcnt1-YH; SST-cre Code DOB 2026-04-18 Emergency Contact(s) Rain Younger: (971) 678-8621 Source In House Jeremy Barry: (917) 817-5852 Notes parents 575 (M) x 546 (F) 1606 Created 6/15/2026 12:33pm SPLIT-6831 • CC-28433-2 • External ID:,CENSUS,X0-145,05/26/26,,MALE,1606,,1,1,YES,6/15/2026 12:33pm,SPLIT-6831,
1607,CC-28885-1,03/14/26,MALE,Kcnt1-YH;PV-Cre,1607(M)(previously 586) x 579(F),17,1,X0-145 Species MOUSE # Animals 2 P.I. Barry J. M DOB 03/14/26 F DOB 03/14/26 Breeding Date 06/15/26 Emergency Contact(s) Rain Younger: (971) 678-8621 Source In House Jeremy Barry: (917) 817-5852 M Strain (ID) 1607 Kcnt1-YH;PV-Cre F Strain (ID) 579 Kcnt1-YH;PV-Cre Notes 1607(M)(previously 586) x 579(F) Created 6/15/2026 12:35pm SPLIT-6970 • CC-28885-1 • External ID:,BREEDER,X0-145,,06/15/26,MALE,1607,586,2,2,YES,6/15/2026 12:35pm,SPLIT-6970,
1608,CC-27240-4,2026-03-14,MALE,Kcnt1-YH;PV-Cre,parents 565 (M) x 557 (F) | 583 | 584 | 1608 (previously 581) | 1609 (previously 587),8,3,X0-145 Species MOUSE # Animals 4 Census 04/04/26 Sex MALE P.I. Barry J. Strain Kcnt1-YH;PV-Cre Code DOB 2026-03-14 Emergency Contact(s) Rain Younger: (971) 678-8621 Source In House Jeremy Barry: (917) 817-5852 Notes parents 565 (M) x 557 (F) 583 584 1608 (previously 581) 1609 (previously 587) Created 6/15/2026 12:35pm W-5844 • CC-27240-4 • External ID:,CENSUS,X0-145,04/04/26,,MALE,1608,581,4,4,YES,6/15/2026 12:35pm,W-5844,
1609,CC-27240-4,2026-03-14,MALE,Kcnt1-YH;PV-Cre,parents 565 (M) x 557 (F) | 583 | 584 | 1608 (previously 581) | 1609 (previously 587),8,3,X0-145 Species MOUSE # Animals 4 Census 04/04/26 Sex MALE P.I. Barry J. Strain Kcnt1-YH;PV-Cre Code DOB 2026-03-14 Emergency Contact(s) Rain Younger: (971) 678-8621 Source In House Jeremy Barry: (917) 817-5852 Notes parents 565 (M) x 557 (F) 583 584 1608 (previously 581) 1609 (previously 587) Created 6/15/2026 12:35pm W-5844 • CC-27240-4 • External ID:,CENSUS,X0-145,04/04/26,,MALE,1609,587,4,4,YES,6/15/2026 12:35pm,W-5844,
1610,CC-27733-5,2026-04-06,FEMALE,Kcnt1-YH;PV-Cre,parents 565 (M) x 557 (F) | 588 | 1610 (previously 592) | 1611 (previously 590) | 1612 (previously 593),11,1,X0-145 Species MOUSE # Animals 4 Census 04/27/26 Sex FEMALE P.I. Barry J. Strain Kcnt1-YH;PV-Cre Code DOB 2026-04-06 Emergency Contact(s) Rain Younger: (971) 678-8621 Source In House Jeremy Barry: (917) 817-5852 Notes parents 565 (M) x 557 (F) 588 1610 (previously 592) 1611 (previously 590) 1612 (previously 593) Created 5/29/2026 1:49pm W-6039 • CC-27733-5 • External ID:,CENSUS,X0-145,04/27/26,,FEMALE,1610,592,4,4,YES,5/29/2026 1:49pm,W-6039,
1611,CC-27733-5,2026-04-06,FEMALE,Kcnt1-YH;PV-Cre,parents 565 (M) x 557 (F) | 588 | 1610 (previously 592) | 1611 (previously 590) | 1612 (previously 593),11,1,X0-145 Species MOUSE # Animals 4 Census 04/27/26 Sex FEMALE P.I. Barry J. Strain Kcnt1-YH;PV-Cre Code DOB 2026-04-06 Emergency Contact(s) Rain Younger: (971) 678-8621 Source In House Jeremy Barry: (917) 817-5852 Notes parents 565 (M) x 557 (F) 588 1610 (previously 592) 1611 (previously 590) 1612 (previously 593) Created 5/29/2026 1:49pm W-6039 • CC-27733-5 • External ID:,CENSUS,X0-145,04/27/26,,FEMALE,1611,590,4,4,YES,5/29/2026 1:49pm,W-6039,
1612,CC-27733-5,2026-04-06,FEMALE,Kcnt1-YH;PV-Cre,parents 565 (M) x 557 (F) | 588 | 1610 (previously 592) | 1611 (previously 590) | 1612 (previously 593),11,1,X0-145 Species MOUSE # Animals 4 Census 04/27/26 Sex FEMALE P.I. Barry J. Strain Kcnt1-YH;PV-Cre Code DOB 2026-04-06 Emergency Contact(s) Rain Younger: (971) 678-8621 Source In House Jeremy Barry: (917) 817-5852 Notes parents 565 (M) x 557 (F) 588 1610 (previously 592) 1611 (previously 590) 1612 (previously 593) Created 5/29/2026 1:49pm W-6039 • CC-27733-5 • External ID:,CENSUS,X0-145,04/27/26,,FEMALE,1612,593,4,4,YES,5/29/2026 1:49pm,W-6039,
1613,CC-28383-2,2026-05-01,MALE,Kcnt1-YH;PV-Cre,565 (M) x 557 (F) | 1613 | 1614,12,2,X0-145 Species MOUSE # Animals 2 Census 05/22/26 Sex MALE P.I. Barry J. Strain Kcnt1-YH;PV-Cre Code DOB 2026-05-01 Emergency Contact(s) Rain Younger: (971) 678-8621 Source In House Jeremy Barry: (917) 817-5852 Notes 565 (M) x 557 (F) 1613 1614 Created 6/16/2026 4:18pm W-6205 • CC-28383-2 • External ID:,CENSUS,X0-145,05/22/26,,MALE,1613,,2,2,YES,6/16/2026 4:18pm,W-6205,
1614,CC-28383-2,2026-05-01,MALE,Kcnt1-YH;PV-Cre,565 (M) x 557 (F) | 1613 | 1614,12,2,X0-145 Species MOUSE # Animals 2 Census 05/22/26 Sex MALE P.I. Barry J. Strain Kcnt1-YH;PV-Cre Code DOB 2026-05-01 Emergency Contact(s) Rain Younger: (971) 678-8621 Source In House Jeremy Barry: (917) 817-5852 Notes 565 (M) x 557 (F) 1613 1614 Created 6/16/2026 4:18pm W-6205 • CC-28383-2 • External ID:,CENSUS,X0-145,05/22/26,,MALE,1614,,2,2,YES,6/16/2026 4:18pm,W-6205,
1616,CC-28384-2,2026-05-01,FEMALE,Kcnt1-YH;PV-Cre,565 (M) x 557 (F) | 1616 | 1617 | 1619 | 1620,12,3,X0-145 Species MOUSE # Animals 4 Census 05/22/26 Sex FEMALE P.I. Barry J. Strain Kcnt1-YH;PV-Cre Code DOB 2026-05-01 Emergency Contact(s) Rain Younger: (971) 678-8621 Source In House Jeremy Barry: (917) 817-5852 Notes 565 (M) x 557 (F) 1616 1617 1619 1620 Created 6/16/2026 4:18pm W-6205 • CC-28384-2 • External ID:,CENSUS,X0-145,05/22/26,,FEMALE,1616,,4,4,YES,6/16/2026 4:18pm,W-6205,
1617,CC-28384-2,2026-05-01,FEMALE,Kcnt1-YH;PV-Cre,565 (M) x 557 (F) | 1616 | 1617 | 1619 | 1620,12,3,X0-145 Species MOUSE # Animals 4 Census 05/22/26 Sex FEMALE P.I. Barry J. Strain Kcnt1-YH;PV-Cre Code DOB 2026-05-01 Emergency Contact(s) Rain Younger: (971) 678-8621 Source In House Jeremy Barry: (917) 817-5852 Notes 565 (M) x 557 (F) 1616 1617 1619 1620 Created 6/16/2026 4:18pm W-6205 • CC-28384-2 • External ID:,CENSUS,X0-145,05/22/26,,FEMALE,1617,,4,4,YES,6/16/2026 4:18pm,W-6205,
1619,CC-28384-2,2026-05-01,FEMALE,Kcnt1-YH;PV-Cre,565 (M) x 557 (F) | 1616 | 1617 | 1619 | 1620,12,3,X0-145 Species MOUSE # Animals 4 Census 05/22/26 Sex FEMALE P.I. Barry J. Strain Kcnt1-YH;PV-Cre Code DOB 2026-05-01 Emergency Contact(s) Rain Younger: (971) 678-8621 Source In House Jeremy Barry: (917) 817-5852 Notes 565 (M) x 557 (F) 1616 1617 1619 1620 Created 6/16/2026 4:18pm W-6205 • CC-28384-2 • External ID:,CENSUS,X0-145,05/22/26,,FEMALE,1619,,4,4,YES,6/16/2026 4:18pm,W-6205,
1620,CC-28384-2,2026-05-01,FEMALE,Kcnt1-YH;PV-Cre,565 (M) x 557 (F) | 1616 | 1617 | 1619 | 1620,12,3,X0-145 Species MOUSE # Animals 4 Census 05/22/26 Sex FEMALE P.I. Barry J. Strain Kcnt1-YH;PV-Cre Code DOB 2026-05-01 Emergency Contact(s) Rain Younger: (971) 678-8621 Source In House Jeremy Barry: (917) 817-5852 Notes 565 (M) x 557 (F) 1616 1617 1619 1620 Created 6/16/2026 4:18pm W-6205 • CC-28384-2 • External ID:,CENSUS,X0-145,05/22/26,,FEMALE,1620,,4,4,YES,6/16/2026 4:18pm,W-6205,
1621,CC-28576-2,2026-05-11,FEMALE,Kcnt1-YH; SST-cre,575 (M) x 546 (F) | 1621 | 1623,14,2,X0-145 Species MOUSE # Animals 2 Census 06/01/26 Sex FEMALE P.I. Barry J. Strain Kcnt1-YH; SST-cre Code DOB 2026-05-11 Emergency Contact(s) Rain Younger: (971) 678-8621 Source In House Jeremy Barry: (917) 817-5852 Notes 575 (M) x 546 (F) 1621 1623 Created 6/16/2026 3:48pm W-6264 • CC-28576-2 • External ID:,CENSUS,X0-145,06/01/26,,FEMALE,1621,,2,2,YES,6/16/2026 3:48pm,W-6264,
1623,CC-28576-2,2026-05-11,FEMALE,Kcnt1-YH; SST-cre,575 (M) x 546 (F) | 1621 | 1623,14,2,X0-145 Species MOUSE # Animals 2 Census 06/01/26 Sex FEMALE P.I. Barry J. Strain Kcnt1-YH; SST-cre Code DOB 2026-05-11 Emergency Contact(s) Rain Younger: (971) 678-8621 Source In House Jeremy Barry: (917) 817-5852 Notes 575 (M) x 546 (F) 1621 1623 Created 6/16/2026 3:48pm W-6264 • CC-28576-2 • External ID:,CENSUS,X0-145,06/01/26,,FEMALE,1623,,2,2,YES,6/16/2026 3:48pm,W-6264,
1625,CC-28577-2,2026-05-11,FEMALE,Kcnt1-YH; SST-cre,575 (M) x 546 (F) | 1625 | 1626 | 1627,14,3,X0-145 Species MOUSE # Animals 3 Census 06/01/26 Sex FEMALE P.I. Barry J. Strain Kcnt1-YH; SST-cre Code DOB 2026-05-11 Emergency Contact(s) Rain Younger: (971) 678-8621 Source In House Jeremy Barry: (917) 817-5852 Notes 575 (M) x 546 (F) 1625 1626 1627 Created 6/16/2026 3:49pm W-6264 • CC-28577-2 • External ID:,CENSUS,X0-145,06/01/26,,FEMALE,1625,,3,3,YES,6/16/2026 3:49pm,W-6264,
1626,CC-28577-2,2026-05-11,FEMALE,Kcnt1-YH; SST-cre,575 (M) x 546 (F) | 1625 | 1626 | 1627,14,3,X0-145 Species MOUSE # Animals 3 Census 06/01/26 Sex FEMALE P.I. Barry J. Strain Kcnt1-YH; SST-cre Code DOB 2026-05-11 Emergency Contact(s) Rain Younger: (971) 678-8621 Source In House Jeremy Barry: (917) 817-5852 Notes 575 (M) x 546 (F) 1625 1626 1627 Created 6/16/2026 3:49pm W-6264 • CC-28577-2 • External ID:,CENSUS,X0-145,06/01/26,,FEMALE,1626,,3,3,YES,6/16/2026 3:49pm,W-6264,
1627,CC-28577-2,2026-05-11,FEMALE,Kcnt1-YH; SST-cre,575 (M) x 546 (F) | 1625 | 1626 | 1627,14,3,X0-145 Species MOUSE # Animals 3 Census 06/01/26 Sex FEMALE P.I. Barry J. Strain Kcnt1-YH; SST-cre Code DOB 2026-05-11 Emergency Contact(s) Rain Younger: (971) 678-8621 Source In House Jeremy Barry: (917) 817-5852 Notes 575 (M) x 546 (F) 1625 1626 1627 Created 6/16/2026 3:49pm W-6264 • CC-28577-2 • External ID:,CENSUS,X0-145,06/01/26,,FEMALE,1627,,3,3,YES,6/16/2026 3:49pm,W-6264,
1629,CC-28754-1,2026-05-11,FEMALE,Kcnt1-YH; SST-cre,575 (M) x 546 (F) | 1629 | 1631,15,3,X0-145 Species MOUSE # Animals 2 Census 06/09/26 Sex FEMALE P.I. Barry J. Strain Kcnt1-YH; SST-cre Code DOB 2026-05-11 Emergency Contact(s) Rain Younger: (971) 678-8621 Source In House Jeremy Barry: (917) 817-5852 Notes 575 (M) x 546 (F) 1629 1631 Created 6/9/2026 1:14pm SPLIT-6919 • CC-28754-1 • External ID:,CENSUS,X0-145,06/09/26,,FEMALE,1629,,2,2,YES,6/9/2026 1:14pm,SPLIT-6919,
1630,CC-28578-3,2026-05-11,MALE,Kcnt1-YH; SST-cre,575 (M) x 546 (F) | 1630,15,1,X0-145 Species MOUSE # Animals 1 Census 06/01/26 Sex MALE P.I. Barry J. Strain Kcnt1-YH; SST-cre Code DOB 2026-05-11 Emergency Contact(s) Rain Younger: (971) 678-8621 Source In House Jeremy Barry: (917) 817-5852 Notes 575 (M) x 546 (F) 1630 Created 6/16/2026 3:51pm W-6264 • CC-28578-3 • External ID:,CENSUS,X0-145,06/01/26,,MALE,1630,,1,1,YES,6/16/2026 3:51pm,W-6264,
1631,CC-28754-1,2026-05-11,FEMALE,Kcnt1-YH; SST-cre,575 (M) x 546 (F) | 1629 | 1631,15,3,X0-145 Species MOUSE # Animals 2 Census 06/09/26 Sex FEMALE P.I. Barry J. Strain Kcnt1-YH; SST-cre Code DOB 2026-05-11 Emergency Contact(s) Rain Younger: (971) 678-8621 Source In House Jeremy Barry: (917) 817-5852 Notes 575 (M) x 546 (F) 1629 1631 Created 6/9/2026 1:14pm SPLIT-6919 • CC-28754-1 • External ID:,CENSUS,X0-145,06/09/26,,FEMALE,1631,,2,2,YES,6/9/2026 1:14pm,SPLIT-6919,
